Workbook

Sheet Read me
B2: Build-up Explorer (thermal mass toolkit, model 1)
B4: What it does:
B5: Computes the ISO 13786 dynamic thermal properties of a layered wall, floor or roof (U, admittance |Y| and its time lead, decrement factor f and time lag, internal areal heat capacity κ₁) and compares them with the ISO 52016-1 / HEM five-node lump for each mass class.
B6: Everything is a live formula. The heat-transfer matrices are complex numbers, built with COMPLEX, IMPRODUCT, IMSUM and IMDIV and multiplied layer by layer from the room side out.
B8: How to use it:
B9: 1. Calculator: pick a build-up key in B4 (or 'Custom'), a period in B5 (24 h for the daily cycle), and optionally a five-node class in B6.
B10: 2. Library: the 29 build-ups from the Python model, plus a Custom row at the bottom you can edit. Layer values are mm, or m²K/W for a 'Cavity'.
B11: 3. Library results: every build-up at once, with the Python model's values alongside for checking.
B12: 4. Materials and Classes: edit material properties or the class node shares; everything follows.
B14: Far side: 'ext' adds Rse = 0.04; 'ground' adds 1 m of clay soil; 'adiabatic' (half a partition) adds a very large resistance; 'room' (an intermediate floor) adds Rsi on the far face.
B15: Companion files: the web app Build-up Explorer and models/buildups.py in gwilma/thermal_mass_in_buildings give the same numbers.
B17: Colour key:
... B20: Plain black: calculation steps and data.

Sheet Engine
A1: Calculation blocks for the Library results sheet (one ISO chain and one five-node chain per build-up)
A2: Period, hours | B2: 24
A5: W1 | B5: class | C5: =INDEX(Library!$F$5:$F$34,MATCH(A5,Library!$A$5:$A$34,0)) -> IE
A6: W1: ISO 13786 | T6: row → | U6: =MATCH($A$5,Library!$A$5:$A$34,0) -> 1 | V6: far side | W6: =INDEX(Library!$D$5:$D$34,$U$6) -> ext | X6: Rsi | Y6: =INDEX(Library!$E$5:$E$34,$U$6) -> 0.13
B7: Type | C7: Material | D7: d m | E7: λ | F7: ρ | G7: c | H7: R m²K/W | I7: δ m | J7: x = d/δ | K7: z11 | L7: z12 | M7: z21 | N7: z22 | O7: P11 | P7: P12 | Q7: P21 | R7: P22 | S7: R part | T7: ρcd J/m²K
A8: Rsi | B8: res | H8: =$Y$6 -> 0.13 | I8: =IF(B8="mass",SQRT(E8*($B$2*3600)/(PI()*F8*G8)),0) -> 0 | J8: =IF(B8="mass",D8/I8,0) -> 0 | K8: =IF(B8="mass",COMPLEX(COSH(J8)*COS(J8),SINH(J8)*SIN(J8)),COMPLEX(1,0)) -> 1 | L8: =IF(B8="mass",COMPLEX(-I8/(2*E8)*(SINH(J8)*COS(J8)+COSH(J8)*SIN(J8)),-I8/(2*E8)*(COSH(J8)*SIN(J8)-SINH(J8)*COS(J8))),COMPLEX(-H8,0)) -> -0.13 | M8: =IF(B8="mass",COMPLEX(-E8/I8*(SINH(J8)*COS(J8)-COSH(J8)*SIN(J8)),-E8/I8*(SINH(J8)*COS(J8)+COSH(J8)*SIN(J8))),COMPLEX(0,0)) -> 0 | N8: =K8 -> 1 | O8: =K8 -> 1 | P8: =L8 -> -0.13 | Q8: =M8 -> 0 | R8: =N8 -> 1 | S8: =IF(B8="mass",D8/E8,H8) -> 0.13 | T8: =IF(B8="mass",F8*G8*D8,0) -> 0
A9: Layer 1 | B9: =IF(C9="","none",IF(C9="Cavity","res","mass")) -> mass | C9: =IF(INDEX(Library!$G$5:$G$34,$U$6)="","",INDEX(Library!$G$5:$G$34,$U$6)) -> gypsum plaster | D9: =IF(B9="mass",INDEX(Library!$H$5:$H$34,$U$6)/1000,0) -> 0.013 | E9: =IF(B9="mass",INDEX(Materials!$B$5:$B$28,MATCH(C9,Materials!$A$5:$A$28,0)),0) -> 0.5 | F9: =IF(B9="mass",INDEX(Materials!$C$5:$C$28,MATCH(C9,Materials!$A$5:$A$28,0)),0) -> 1300 | G9: =IF(B9="mass",INDEX(Materials!$D$5:$D$28,MATCH(C9,Materials!$A$5:$A$28,0)),0) -> 1000 | H9: =IF(B9="res",INDEX(Library!$H$5:$H$34,$U$6),0) -> 0 | I9: =IF(B9="mass",SQRT(E9*($B$2*3600)/(PI()*F9*G9)),0) -> 0.10284786 | J9: =IF(B9="mass",D9/I9,0) -> 0.1264003 | K9: =IF(B9="mass",COMPLEX(COSH(J9)*COS(J9),SINH(J9)*SIN(J9)),COMPLEX(1,0)) -> 0.999957455752033+0.0159769895455509i | L9: =IF(B9="mass",COMPLEX(-I9/(2*E9)*(SINH(J9)*COS(J9)+COSH(J9)*SIN(J9)),-I9/(2*E9)*(COSH(J9)*SIN(J9)-SINH(J9)*COS(J9))),COMPLEX(-H9,0)) -> -0.0259997787698508-0.00013846746714729i | M9: =IF(B9="mass",COMPLEX(-E9/I9*(SINH(J9)*COS(J9)-COSH(J9)*SIN(J9)),-E9/I9*(SINH(J9)*COS(J9)+COSH(J9)*SIN(J9))),COMPLEX(0,0)) -> 0.00654526494000515-1.22899222421088i | N9: =K9 -> 0.999957455752033+0.0159769895455509i | O9: =IMSUM(IMPRODUCT(K9,O8),IMPRODUCT(L9,Q8)) -> 0.999957455752033+0.0159769895455509i | P9: =IMSUM(IMPRODUCT(K9,P8),IMPRODUCT(L9,R8)) -> -0.155994248017615-0.00221547610806891i | Q9: =IMSUM(IMPRODUCT(M9,O8),IMPRODUCT(N9,Q8)) -> 0.00654526494000515-1.22899222421088i | R9: =IMSUM(IMPRODUCT(M9,P8),IMPRODUCT(N9,R8)) -> 0.999106571309832+0.175745978692965i | S9: =IF(B9="mass",D9/E9,H9) -> 0.026 | T9: =IF(B9="mass",F9*G9*D9,0) -> 16900
A10: Layer 2 | B10: =IF(C10="","none",IF(C10="Cavity","res","mass")) -> mass | C10: =IF(INDEX(Library!$I$5:$I$34,$U$6)="","",INDEX(Library!$I$5:$I$34,$U$6)) -> dense block | D10: =IF(B10="mass",INDEX(Library!$J$5:$J$34,$U$6)/1000,0) -> 0.1 | E10: =IF(B10="mass",INDEX(Materials!$B$5:$B$28,MATCH(C10,Materials!$A$5:$A$28,0)),0) -> 1.13 | F10: =IF(B10="mass",INDEX(Materials!$C$5:$C$28,MATCH(C10,Materials!$A$5:$A$28,0)),0) -> 2000 | G10: =IF(B10="mass",INDEX(Materials!$D$5:$D$28,MATCH(C10,Materials!$A$5:$A$28,0)),0) -> 1000 | H10: =IF(B10="res",INDEX(Library!$J$5:$J$34,$U$6),0) -> 0 | I10: =IF(B10="mass",SQRT(E10*($B$2*3600)/(PI()*F10*G10)),0) -> 0.12465398 | J10: =IF(B10="mass",D10/I10,0) -> 0.80222066 | K10: =IF(B10="mass",COMPLEX(COSH(J10)*COS(J10),SINH(J10)*SIN(J10)),COMPLEX(1,0)) -> 0.931040246556561+0.640597397168838i | L10: =IF(B10="mass",COMPLEX(-I10/(2*E10)*(SINH(J10)*COS(J10)+COSH(J10)*SIN(J10)),-I10/(2*E10)*(COSH(J10)*SIN(J10)-SINH(J10)*COS(J10))),COMPLEX(-H10,0)) -> -0.0872745132646335-0.0189465784438884i | M10: =IF(B10="mass",COMPLEX(-E10/I10*(SINH(J10)*COS(J10)-COSH(J10)*SIN(J10)),-E10/I10*(SINH(J10)*COS(J10)+COSH(J10)*SIN(J10))),COMPLEX(0,0)) -> 3.11390498909631-14.3437266565329i | N10: =K10 -> 0.931040246556561+0.640597397168838i | O10: =IMSUM(IMPRODUCT(K10,O9),IMPRODUCT(L10,Q9)) -> 0.896909385837204+0.762581051518449i | P10: =IMSUM(IMPRODUCT(K10,P9),IMPRODUCT(L10,R9)) -> -0.227684449646465-0.136260002451062i | Q10: =IMSUM(IMPRODUCT(M10,O9),IMPRODUCT(N10,Q9)) -> 4.13632520623972-15.4334139297736i | R10: =IMSUM(IMPRODUCT(M10,P9),IMPRODUCT(N10,R9)) -> 0.300096561094385+3.03429171985891i | S10: =IF(B10="mass",D10/E10,H10) -> 0.088495575 | T10: =IF(B10="mass",F10*G10*D10,0) -> 200000
A11: Layer 3 | B11: =IF(C11="","none",IF(C11="Cavity","res","mass")) -> mass | C11: =IF(INDEX(Library!$K$5:$K$34,$U$6)="","",INDEX(Library!$K$5:$K$34,$U$6)) -> mineral wool | D11: =IF(B11="mass",INDEX(Library!$L$5:$L$34,$U$6)/1000,0) -> 0.15 | E11: =IF(B11="mass",INDEX(Materials!$B$5:$B$28,MATCH(C11,Materials!$A$5:$A$28,0)),0) -> 0.035 | F11: =IF(B11="mass",INDEX(Materials!$C$5:$C$28,MATCH(C11,Materials!$A$5:$A$28,0)),0) -> 30 | G11: =IF(B11="mass",INDEX(Materials!$D$5:$D$28,MATCH(C11,Materials!$A$5:$A$28,0)),0) -> 1030 | H11: =IF(B11="res",INDEX(Library!$L$5:$L$34,$U$6),0) -> 0 | I11: =IF(B11="mass",SQRT(E11*($B$2*3600)/(PI()*F11*G11)),0) -> 0.17649675 | J11: =IF(B11="mass",D11/I11,0) -> 0.849874 | K11: =IF(B11="mass",COMPLEX(COSH(J11)*COS(J11),SINH(J11)*SIN(J11)),COMPLEX(1,0)) -> 0.913158518565511+0.718100720020173i | L11: =IF(B11="mass",COMPLEX(-I11/(2*E11)*(SINH(J11)*COS(J11)+COSH(J11)*SIN(J11)),-I11/(2*E11)*(COSH(J11)*SIN(J11)-SINH(J11)*COS(J11))),COMPLEX(-H11,0)) -> -4.21123759620779-1.02927418634689i | M11: =IF(B11="mass",COMPLEX(-E11/I11*(SINH(J11)*COS(J11)-COSH(J11)*SIN(J11)),-E11/I11*(SINH(J11)*COS(J11)+COSH(J11)*SIN(J11))),COMPLEX(0,0)) -> 0.0809512819555347-0.331209202129424i | N11: =K11 -> 0.913158518565511+0.718100720020173i | O11: =IMSUM(IMPRODUCT(K11,O10),IMPRODUCT(L11,Q10)) -> -33.0328523398916+62.0767888768344i | P11: =IMSUM(IMPRODUCT(K11,P10),IMPRODUCT(L11,R10)) -> 1.74927663165403-13.3749323614843i | Q11: =IMSUM(IMPRODUCT(M11,O10),IMPRODUCT(N11,Q10)) -> 15.1850460791887-11.3581880200322i | R11: =IMSUM(IMPRODUCT(M11,P10),IMPRODUCT(N11,R10)) -> -1.96845325240057+3.05066965142642i | S11: =IF(B11="mass",D11/E11,H11) -> 4.2857143 | T11: =IF(B11="mass",F11*G11*D11,0) -> 4635
A12: Layer 4 | B12: =IF(C12="","none",IF(C12="Cavity","res","mass")) -> mass | C12: =IF(INDEX(Library!$M$5:$M$34,$U$6)="","",INDEX(Library!$M$5:$M$34,$U$6)) -> brick | D12: =IF(B12="mass",INDEX(Library!$N$5:$N$34,$U$6)/1000,0) -> 0.102 | E12: =IF(B12="mass",INDEX(Materials!$B$5:$B$28,MATCH(C12,Materials!$A$5:$A$28,0)),0) -> 0.77 | F12: =IF(B12="mass",INDEX(Materials!$C$5:$C$28,MATCH(C12,Materials!$A$5:$A$28,0)),0) -> 1700 | G12: =IF(B12="mass",INDEX(Materials!$D$5:$D$28,MATCH(C12,Materials!$A$5:$A$28,0)),0) -> 800 | H12: =IF(B12="res",INDEX(Library!$N$5:$N$34,$U$6),0) -> 0 | I12: =IF(B12="mass",SQRT(E12*($B$2*3600)/(PI()*F12*G12)),0) -> 0.1247837 | J12: =IF(B12="mass",D12/I12,0) -> 0.81741448 | K12: =IF(B12="mass",COMPLEX(COSH(J12)*COS(J12),SINH(J12)*SIN(J12)),COMPLEX(1,0)) -> 0.925671349743335+0.664853161913343i | L12: =IF(B12="mass",COMPLEX(-I12/(2*E12)*(SINH(J12)*COS(J12)+COSH(J12)*SIN(J12)),-I12/(2*E12)*(COSH(J12)*SIN(J12)-SINH(J12)*COS(J12))),COMPLEX(-H12,0)) -> -0.130497374771535-0.0294407447988599i | M12: =IF(B12="mass",COMPLEX(-E12/I12*(SINH(J12)*COS(J12)-COSH(J12)*SIN(J12)),-E12/I12*(SINH(J12)*COS(J12)+COSH(J12)*SIN(J12))),COMPLEX(0,0)) -> 2.24204617217389-9.93796663719564i | N12: =K12 -> 0.925671349743335+0.664853161913343i | O12: =IMSUM(IMPRODUCT(K12,O11),IMPRODUCT(L12,Q11)) -> -74.1655165415243+36.5358632745572i | P12: =IMSUM(IMPRODUCT(K12,P11),IMPRODUCT(L12,R11)) -> 10.8583133000796-11.5579312431186i | Q12: =IMSUM(IMPRODUCT(M12,O11),IMPRODUCT(N12,Q11)) -> 564.46376597634+467.040288031813i | R12: =IMSUM(IMPRODUCT(M12,P11),IMPRODUCT(N12,R11)) -> -132.848060749866-45.8562835838345i | S12: =IF(B12="mass",D12/E12,H12) -> 0.13246753 | T12: =IF(B12="mass",F12*G12*D12,0) -> 138720
A13: Layer 5 | B13: =IF(C13="","none",IF(C13="Cavity","res","mass")) -> none | C13: =IF(INDEX(Library!$O$5:$O$34,$U$6)="","",INDEX(Library!$O$5:$O$34,$U$6)) | D13: =IF(B13="mass",INDEX(Library!$P$5:$P$34,$U$6)/1000,0) -> 0 | E13: =IF(B13="mass",INDEX(Materials!$B$5:$B$28,MATCH(C13,Materials!$A$5:$A$28,0)),0) -> 0 | F13: =IF(B13="mass",INDEX(Materials!$C$5:$C$28,MATCH(C13,Materials!$A$5:$A$28,0)),0) -> 0 | G13: =IF(B13="mass",INDEX(Materials!$D$5:$D$28,MATCH(C13,Materials!$A$5:$A$28,0)),0) -> 0 | H13: =IF(B13="res",INDEX(Library!$P$5:$P$34,$U$6),0) -> 0 | I13: =IF(B13="mass",SQRT(E13*($B$2*3600)/(PI()*F13*G13)),0) -> 0 | J13: =IF(B13="mass",D13/I13,0) -> 0 | K13: =IF(B13="mass",COMPLEX(COSH(J13)*COS(J13),SINH(J13)*SIN(J13)),COMPLEX(1,0)) -> 1 | L13: =IF(B13="mass",COMPLEX(-I13/(2*E13)*(SINH(J13)*COS(J13)+COSH(J13)*SIN(J13)),-I13/(2*E13)*(COSH(J13)*SIN(J13)-SINH(J13)*COS(J13))),COMPLEX(-H13,0)) -> -0 | M13: =IF(B13="mass",COMPLEX(-E13/I13*(SINH(J13)*COS(J13)-COSH(J13)*SIN(J13)),-E13/I13*(SINH(J13)*COS(J13)+COSH(J13)*SIN(J13))),COMPLEX(0,0)) -> 0 | N13: =K13 -> 1 | O13: =IMSUM(IMPRODUCT(K13,O12),IMPRODUCT(L13,Q12)) -> -74.1655165415243+36.5358632745572i | P13: =IMSUM(IMPRODUCT(K13,P12),IMPRODUCT(L13,R12)) -> 10.8583133000796-11.5579312431186i | Q13: =IMSUM(IMPRODUCT(M13,O12),IMPRODUCT(N13,Q12)) -> 564.46376597634+467.040288031813i | R13: =IMSUM(IMPRODUCT(M13,P12),IMPRODUCT(N13,R12)) -> -132.848060749866-45.8562835838345i | S13: =IF(B13="mass",D13/E13,H13) -> 0 | T13: =IF(B13="mass",F13*G13*D13,0) -> 0
A14: Layer 6 | B14: =IF(C14="","none",IF(C14="Cavity","res","mass")) -> none | C14: =IF(INDEX(Library!$Q$5:$Q$34,$U$6)="","",INDEX(Library!$Q$5:$Q$34,$U$6)) | D14: =IF(B14="mass",INDEX(Library!$R$5:$R$34,$U$6)/1000,0) -> 0 | E14: =IF(B14="mass",INDEX(Materials!$B$5:$B$28,MATCH(C14,Materials!$A$5:$A$28,0)),0) -> 0 | F14: =IF(B14="mass",INDEX(Materials!$C$5:$C$28,MATCH(C14,Materials!$A$5:$A$28,0)),0) -> 0 | G14: =IF(B14="mass",INDEX(Materials!$D$5:$D$28,MATCH(C14,Materials!$A$5:$A$28,0)),0) -> 0 | H14: =IF(B14="res",INDEX(Library!$R$5:$R$34,$U$6),0) -> 0 | I14: =IF(B14="mass",SQRT(E14*($B$2*3600)/(PI()*F14*G14)),0) -> 0 | J14: =IF(B14="mass",D14/I14,0) -> 0 | K14: =IF(B14="mass",COMPLEX(COSH(J14)*COS(J14),SINH(J14)*SIN(J14)),COMPLEX(1,0)) -> 1 | L14: =IF(B14="mass",COMPLEX(-I14/(2*E14)*(SINH(J14)*COS(J14)+COSH(J14)*SIN(J14)),-I14/(2*E14)*(COSH(J14)*SIN(J14)-SINH(J14)*COS(J14))),COMPLEX(-H14,0)) -> -0 | M14: =IF(B14="mass",COMPLEX(-E14/I14*(SINH(J14)*COS(J14)-COSH(J14)*SIN(J14)),-E14/I14*(SINH(J14)*COS(J14)+COSH(J14)*SIN(J14))),COMPLEX(0,0)) -> 0 | N14: =K14 -> 1 | O14: =IMSUM(IMPRODUCT(K14,O13),IMPRODUCT(L14,Q13)) -> -74.1655165415243+36.5358632745572i | P14: =IMSUM(IMPRODUCT(K14,P13),IMPRODUCT(L14,R13)) -> 10.8583133000796-11.5579312431186i | Q14: =IMSUM(IMPRODUCT(M14,O13),IMPRODUCT(N14,Q13)) -> 564.46376597634+467.040288031813i | R14: =IMSUM(IMPRODUCT(M14,P13),IMPRODUCT(N14,R13)) -> -132.848060749866-45.8562835838345i | S14: =IF(B14="mass",D14/E14,H14) -> 0 | T14: =IF(B14="mass",F14*G14*D14,0) -> 0
A15: Layer 7 | B15: =IF(C15="","none",IF(C15="Cavity","res","mass")) -> none | C15: =IF(INDEX(Library!$S$5:$S$34,$U$6)="","",INDEX(Library!$S$5:$S$34,$U$6)) | D15: =IF(B15="mass",INDEX(Library!$T$5:$T$34,$U$6)/1000,0) -> 0 | E15: =IF(B15="mass",INDEX(Materials!$B$5:$B$28,MATCH(C15,Materials!$A$5:$A$28,0)),0) -> 0 | F15: =IF(B15="mass",INDEX(Materials!$C$5:$C$28,MATCH(C15,Materials!$A$5:$A$28,0)),0) -> 0 | G15: =IF(B15="mass",INDEX(Materials!$D$5:$D$28,MATCH(C15,Materials!$A$5:$A$28,0)),0) -> 0 | H15: =IF(B15="res",INDEX(Library!$T$5:$T$34,$U$6),0) -> 0 | I15: =IF(B15="mass",SQRT(E15*($B$2*3600)/(PI()*F15*G15)),0) -> 0 | J15: =IF(B15="mass",D15/I15,0) -> 0 | K15: =IF(B15="mass",COMPLEX(COSH(J15)*COS(J15),SINH(J15)*SIN(J15)),COMPLEX(1,0)) -> 1 | L15: =IF(B15="mass",COMPLEX(-I15/(2*E15)*(SINH(J15)*COS(J15)+COSH(J15)*SIN(J15)),-I15/(2*E15)*(COSH(J15)*SIN(J15)-SINH(J15)*COS(J15))),COMPLEX(-H15,0)) -> -0 | M15: =IF(B15="mass",COMPLEX(-E15/I15*(SINH(J15)*COS(J15)-COSH(J15)*SIN(J15)),-E15/I15*(SINH(J15)*COS(J15)+COSH(J15)*SIN(J15))),COMPLEX(0,0)) -> 0 | N15: =K15 -> 1 | O15: =IMSUM(IMPRODUCT(K15,O14),IMPRODUCT(L15,Q14)) -> -74.1655165415243+36.5358632745572i | P15: =IMSUM(IMPRODUCT(K15,P14),IMPRODUCT(L15,R14)) -> 10.8583133000796-11.5579312431186i | Q15: =IMSUM(IMPRODUCT(M15,O14),IMPRODUCT(N15,Q14)) -> 564.46376597634+467.040288031813i | R15: =IMSUM(IMPRODUCT(M15,P14),IMPRODUCT(N15,R14)) -> -132.848060749866-45.8562835838345i | S15: =IF(B15="mass",D15/E15,H15) -> 0 | T15: =IF(B15="mass",F15*G15*D15,0) -> 0
A16: Layer 8 | B16: =IF(C16="","none",IF(C16="Cavity","res","mass")) -> none | C16: =IF(INDEX(Library!$U$5:$U$34,$U$6)="","",INDEX(Library!$U$5:$U$34,$U$6)) | D16: =IF(B16="mass",INDEX(Library!$V$5:$V$34,$U$6)/1000,0) -> 0 | E16: =IF(B16="mass",INDEX(Materials!$B$5:$B$28,MATCH(C16,Materials!$A$5:$A$28,0)),0) -> 0 | F16: =IF(B16="mass",INDEX(Materials!$C$5:$C$28,MATCH(C16,Materials!$A$5:$A$28,0)),0) -> 0 | G16: =IF(B16="mass",INDEX(Materials!$D$5:$D$28,MATCH(C16,Materials!$A$5:$A$28,0)),0) -> 0 | H16: =IF(B16="res",INDEX(Library!$V$5:$V$34,$U$6),0) -> 0 | I16: =IF(B16="mass",SQRT(E16*($B$2*3600)/(PI()*F16*G16)),0) -> 0 | J16: =IF(B16="mass",D16/I16,0) -> 0 | K16: =IF(B16="mass",COMPLEX(COSH(J16)*COS(J16),SINH(J16)*SIN(J16)),COMPLEX(1,0)) -> 1 | L16: =IF(B16="mass",COMPLEX(-I16/(2*E16)*(SINH(J16)*COS(J16)+COSH(J16)*SIN(J16)),-I16/(2*E16)*(COSH(J16)*SIN(J16)-SINH(J16)*COS(J16))),COMPLEX(-H16,0)) -> -0 | M16: =IF(B16="mass",COMPLEX(-E16/I16*(SINH(J16)*COS(J16)-COSH(J16)*SIN(J16)),-E16/I16*(SINH(J16)*COS(J16)+COSH(J16)*SIN(J16))),COMPLEX(0,0)) -> 0 | N16: =K16 -> 1 | O16: =IMSUM(IMPRODUCT(K16,O15),IMPRODUCT(L16,Q15)) -> -74.1655165415243+36.5358632745572i | P16: =IMSUM(IMPRODUCT(K16,P15),IMPRODUCT(L16,R15)) -> 10.8583133000796-11.5579312431186i | Q16: =IMSUM(IMPRODUCT(M16,O15),IMPRODUCT(N16,Q15)) -> 564.46376597634+467.040288031813i | R16: =IMSUM(IMPRODUCT(M16,P15),IMPRODUCT(N16,R15)) -> -132.848060749866-45.8562835838345i | S16: =IF(B16="mass",D16/E16,H16) -> 0 | T16: =IF(B16="mass",F16*G16*D16,0) -> 0
A17: Far-side layer | B17: =IF($W$6="ground","mass",IF($W$6="adiabatic","res","none")) -> none | C17: =IF($W$6="ground","clay soil","") | D17: =IF(B17="mass",1,0) -> 0 | E17: =IF(B17="mass",INDEX(Materials!$B$5:$B$28,MATCH(C17,Materials!$A$5:$A$28,0)),0) -> 0 | F17: =IF(B17="mass",INDEX(Materials!$C$5:$C$28,MATCH(C17,Materials!$A$5:$A$28,0)),0) -> 0 | G17: =IF(B17="mass",INDEX(Materials!$D$5:$D$28,MATCH(C17,Materials!$A$5:$A$28,0)),0) -> 0 | H17: =IF(B17="res",1000000,0) -> 0 | I17: =IF(B17="mass",SQRT(E17*($B$2*3600)/(PI()*F17*G17)),0) -> 0 | J17: =IF(B17="mass",D17/I17,0) -> 0 | K17: =IF(B17="mass",COMPLEX(COSH(J17)*COS(J17),SINH(J17)*SIN(J17)),COMPLEX(1,0)) -> 1 | L17: =IF(B17="mass",COMPLEX(-I17/(2*E17)*(SINH(J17)*COS(J17)+COSH(J17)*SIN(J17)),-I17/(2*E17)*(COSH(J17)*SIN(J17)-SINH(J17)*COS(J17))),COMPLEX(-H17,0)) -> -0 | M17: =IF(B17="mass",COMPLEX(-E17/I17*(SINH(J17)*COS(J17)-COSH(J17)*SIN(J17)),-E17/I17*(SINH(J17)*COS(J17)+COSH(J17)*SIN(J17))),COMPLEX(0,0)) -> 0 | N17: =K17 -> 1 | O17: =IMSUM(IMPRODUCT(K17,O16),IMPRODUCT(L17,Q16)) -> -74.1655165415243+36.5358632745572i | P17: =IMSUM(IMPRODUCT(K17,P16),IMPRODUCT(L17,R16)) -> 10.8583133000796-11.5579312431186i | Q17: =IMSUM(IMPRODUCT(M17,O16),IMPRODUCT(N17,Q16)) -> 564.46376597634+467.040288031813i | R17: =IMSUM(IMPRODUCT(M17,P16),IMPRODUCT(N17,R16)) -> -132.848060749866-45.8562835838345i | S17: =IF(B17="mass",D17/E17,H17) -> 0 | T17: =IF(B17="mass",F17*G17*D17,0) -> 0
A18: Rse | B18: res | H18: =IF($W$6="ext",0.04,IF($W$6="room",$Y$6,0)) -> 0.04 | I18: =IF(B18="mass",SQRT(E18*($B$2*3600)/(PI()*F18*G18)),0) -> 0 | J18: =IF(B18="mass",D18/I18,0) -> 0 | K18: =IF(B18="mass",COMPLEX(COSH(J18)*COS(J18),SINH(J18)*SIN(J18)),COMPLEX(1,0)) -> 1 | L18: =IF(B18="mass",COMPLEX(-I18/(2*E18)*(SINH(J18)*COS(J18)+COSH(J18)*SIN(J18)),-I18/(2*E18)*(COSH(J18)*SIN(J18)-SINH(J18)*COS(J18))),COMPLEX(-H18,0)) -> -0.04 | M18: =IF(B18="mass",COMPLEX(-E18/I18*(SINH(J18)*COS(J18)-COSH(J18)*SIN(J18)),-E18/I18*(SINH(J18)*COS(J18)+COSH(J18)*SIN(J18))),COMPLEX(0,0)) -> 0 | N18: =K18 -> 1 | O18: =IMSUM(IMPRODUCT(K18,O17),IMPRODUCT(L18,Q17)) -> -96.7440671805779+17.8542517532847i | P18: =IMSUM(IMPRODUCT(K18,P17),IMPRODUCT(L18,R17)) -> 16.1722357300742-9.72367989976522i | Q18: =IMSUM(IMPRODUCT(M18,O17),IMPRODUCT(N18,Q17)) -> 564.46376597634+467.040288031813i | R18: =IMSUM(IMPRODUCT(M18,P17),IMPRODUCT(N18,R17)) -> -132.848060749866-45.8562835838345i | S18: =IF(B18="mass",D18/E18,H18) -> 0.04 | T18: =IF(B18="mass",F18*G18*D18,0) -> 0
A19: U W/m²K | B19: =IF(OR($W$6="ext",$W$6="ground"),1/SUM(S8:S18),"–") -> 0.21264482 | C19: |Y| W/m²K | D19: =IMABS(IMDIV(IMPRODUCT(O18,COMPLEX(-1,0)),P18)) -> 5.2133448 | E19: Y lead h | F19: =IMARGUMENT(IMDIV(IMPRODUCT(O18,COMPLEX(-1,0)),P18))*$B$2/(2*PI()) -> 1.3706898 | G19: f | H19: =IF($W$6="ext",IMABS(IMDIV(COMPLEX(-1,0),P18))*SUM(S8:S18),"–") -> 0.2492095 | I19: lag h | J19: =IF($W$6="ext",MOD(-IMARGUMENT(IMDIV(COMPLEX(-1,0),P18))*$B$2/(2*PI()),24),"–") -> 9.9322194 | K19: κ₁ kJ/m²K | L19: =($B$2*3600)/(2*PI())*IMABS(IMDIV(IMSUB(O18,COMPLEX(1,0)),P18))/1000 -> 72.405364 | M19: κ total kJ/m²K | N19: =SUM(T9:T16)/1000 -> 360.255 | O19: Rc m²K/W | P19: =SUM(S9:S16) -> 4.5326774
A21: W1: five-node
B22: Kind | C22: R or C | K22: z11 | L22: z12 | M22: z21 | N22: z22 | O22: P11 | P22: P12 | Q22: P21 | R22: P22
A23: Rsi | B23: res | C23: =$Y$6 -> 0.13 | K23: =COMPLEX(1,0) -> 1 | L23: =COMPLEX(-C23,0) -> -0.13 | M23: =COMPLEX(0,0) -> 0 | N23: =COMPLEX(1,0) -> 1 | O23: =K23 -> 1 | P23: =L23 -> -0.13 | Q23: =M23 -> 0 | R23: =N23 -> 1
A24: node 5 (room side) | B24: cap | C24: =INDEX(Classes!$B$5:$F$9,MATCH(Engine!$C$5,Classes!$A$5:$A$9,0),5)*(N19*1000) -> 180127.5 | K24: =COMPLEX(1,0) -> 1 | L24: =COMPLEX(0,0) -> 0 | M24: =COMPLEX(0,-(2*PI()/($B$2*3600))*C24) -> -13.0992414516087i | N24: =COMPLEX(1,0) -> 1 | O24: =IMSUM(IMPRODUCT(K24,O23),IMPRODUCT(L24,Q23)) -> 1 | P24: =IMSUM(IMPRODUCT(K24,P23),IMPRODUCT(L24,R23)) -> -0.13 | Q24: =IMSUM(IMPRODUCT(M24,O23),IMPRODUCT(N24,Q23)) -> -13.0992414516087i | R24: =IMSUM(IMPRODUCT(M24,P23),IMPRODUCT(N24,R23)) -> 1+1.70290138870913i
A25: 6/Rc | B25: res | C25: =P19/6 -> 0.75544623 | K25: =COMPLEX(1,0) -> 1 | L25: =COMPLEX(-C25,0) -> -0.755446232233843 | M25: =COMPLEX(0,0) -> 0 | N25: =COMPLEX(1,0) -> 1 | O25: =IMSUM(IMPRODUCT(K25,O24),IMPRODUCT(L25,Q24)) -> 1+9.89577259973917i | P25: =IMSUM(IMPRODUCT(K25,P24),IMPRODUCT(L25,R24)) -> -0.885446232233843-1.28645043796609i | Q25: =IMSUM(IMPRODUCT(M25,O24),IMPRODUCT(N25,Q24)) -> -13.0992414516087i | R25: =IMSUM(IMPRODUCT(M25,P24),IMPRODUCT(N25,R24)) -> 1+1.70290138870913i
A26: node 4 | B26: cap | C26: =INDEX(Classes!$B$5:$F$9,MATCH(Engine!$C$5,Classes!$A$5:$A$9,0),4)*(N19*1000) -> 0 | K26: =COMPLEX(1,0) -> 1 | L26: =COMPLEX(0,0) -> 0 | M26: =COMPLEX(0,-(2*PI()/($B$2*3600))*C26) -> 0 | N26: =COMPLEX(1,0) -> 1 | O26: =IMSUM(IMPRODUCT(K26,O25),IMPRODUCT(L26,Q25)) -> 1+9.89577259973917i | P26: =IMSUM(IMPRODUCT(K26,P25),IMPRODUCT(L26,R25)) -> -0.885446232233843-1.28645043796609i | Q26: =IMSUM(IMPRODUCT(M26,O25),IMPRODUCT(N26,Q25)) -> -13.0992414516087i | R26: =IMSUM(IMPRODUCT(M26,P25),IMPRODUCT(N26,R25)) -> 1+1.70290138870913i
A27: 3/Rc | B27: res | C27: =P19/3 -> 1.5108925 | K27: =COMPLEX(1,0) -> 1 | L27: =COMPLEX(-C27,0) -> -1.51089246446769 | M27: =COMPLEX(0,0) -> 0 | N27: =COMPLEX(1,0) -> 1 | O27: =IMSUM(IMPRODUCT(K27,O26),IMPRODUCT(L27,Q26)) -> 1+29.6873177992176i | P27: =IMSUM(IMPRODUCT(K27,P26),IMPRODUCT(L27,R26)) -> -2.39633869670153-3.85935131389828i | Q27: =IMSUM(IMPRODUCT(M27,O26),IMPRODUCT(N27,Q26)) -> -13.0992414516087i | R27: =IMSUM(IMPRODUCT(M27,P26),IMPRODUCT(N27,R26)) -> 1+1.70290138870913i
A28: node 3 | B28: cap | C28: =INDEX(Classes!$B$5:$F$9,MATCH(Engine!$C$5,Classes!$A$5:$A$9,0),3)*(N19*1000) -> 0 | K28: =COMPLEX(1,0) -> 1 | L28: =COMPLEX(0,0) -> 0 | M28: =COMPLEX(0,-(2*PI()/($B$2*3600))*C28) -> 0 | N28: =COMPLEX(1,0) -> 1 | O28: =IMSUM(IMPRODUCT(K28,O27),IMPRODUCT(L28,Q27)) -> 1+29.6873177992176i | P28: =IMSUM(IMPRODUCT(K28,P27),IMPRODUCT(L28,R27)) -> -2.39633869670153-3.85935131389828i | Q28: =IMSUM(IMPRODUCT(M28,O27),IMPRODUCT(N28,Q27)) -> -13.0992414516087i | R28: =IMSUM(IMPRODUCT(M28,P27),IMPRODUCT(N28,R27)) -> 1+1.70290138870913i
A29: 3/Rc | B29: res | C29: =P19/3 -> 1.5108925 | K29: =COMPLEX(1,0) -> 1 | L29: =COMPLEX(-C29,0) -> -1.51089246446769 | M29: =COMPLEX(0,0) -> 0 | N29: =COMPLEX(1,0) -> 1 | O29: =IMSUM(IMPRODUCT(K29,O28),IMPRODUCT(L29,Q28)) -> 1+49.478862998696i | P29: =IMSUM(IMPRODUCT(K29,P28),IMPRODUCT(L29,R28)) -> -3.90723116116922-6.43225218983047i | Q29: =IMSUM(IMPRODUCT(M29,O28),IMPRODUCT(N29,Q28)) -> -13.0992414516087i | R29: =IMSUM(IMPRODUCT(M29,P28),IMPRODUCT(N29,R28)) -> 1+1.70290138870913i
A30: node 2 | B30: cap | C30: =INDEX(Classes!$B$5:$F$9,MATCH(Engine!$C$5,Classes!$A$5:$A$9,0),2)*(N19*1000) -> 0 | K30: =COMPLEX(1,0) -> 1 | L30: =COMPLEX(0,0) -> 0 | M30: =COMPLEX(0,-(2*PI()/($B$2*3600))*C30) -> 0 | N30: =COMPLEX(1,0) -> 1 | O30: =IMSUM(IMPRODUCT(K30,O29),IMPRODUCT(L30,Q29)) -> 1+49.478862998696i | P30: =IMSUM(IMPRODUCT(K30,P29),IMPRODUCT(L30,R29)) -> -3.90723116116922-6.43225218983047i | Q30: =IMSUM(IMPRODUCT(M30,O29),IMPRODUCT(N30,Q29)) -> -13.0992414516087i | R30: =IMSUM(IMPRODUCT(M30,P29),IMPRODUCT(N30,R29)) -> 1+1.70290138870913i
A31: 6/Rc | B31: res | C31: =P19/6 -> 0.75544623 | K31: =COMPLEX(1,0) -> 1 | L31: =COMPLEX(-C31,0) -> -0.755446232233843 | M31: =COMPLEX(0,0) -> 0 | N31: =COMPLEX(1,0) -> 1 | O31: =IMSUM(IMPRODUCT(K31,O30),IMPRODUCT(L31,Q30)) -> 1+59.3746355984352i | P31: =IMSUM(IMPRODUCT(K31,P30),IMPRODUCT(L31,R30)) -> -4.66267739340306-7.71870262779656i | Q31: =IMSUM(IMPRODUCT(M31,O30),IMPRODUCT(N31,Q30)) -> -13.0992414516087i | R31: =IMSUM(IMPRODUCT(M31,P30),IMPRODUCT(N31,R30)) -> 1+1.70290138870913i
A32: node 1 (outer) | B32: cap | C32: =INDEX(Classes!$B$5:$F$9,MATCH(Engine!$C$5,Classes!$A$5:$A$9,0),1)*(N19*1000) -> 180127.5 | K32: =COMPLEX(1,0) -> 1 | L32: =COMPLEX(0,0) -> 0 | M32: =COMPLEX(0,-(2*PI()/($B$2*3600))*C32) -> -13.0992414516087i | N32: =COMPLEX(1,0) -> 1 | O32: =IMSUM(IMPRODUCT(K32,O31),IMPRODUCT(L32,Q31)) -> 1+59.3746355984352i | P32: =IMSUM(IMPRODUCT(K32,P31),IMPRODUCT(L32,R31)) -> -4.66267739340306-7.71870262779656i | Q32: =IMSUM(IMPRODUCT(M32,O31),IMPRODUCT(N32,Q31)) -> 777.762687805184-26.1984829032174i | R32: =IMSUM(IMPRODUCT(M32,P31),IMPRODUCT(N32,R31)) -> -100.109149414674+62.7804383758533i
A33: far-side layer | B33: as ISO | K33: =K17 -> 1 | L33: =L17 -> -0 | M33: =M17 -> 0 | N33: =N17 -> 1 | O33: =IMSUM(IMPRODUCT(K33,O32),IMPRODUCT(L33,Q32)) -> 1+59.3746355984352i | P33: =IMSUM(IMPRODUCT(K33,P32),IMPRODUCT(L33,R32)) -> -4.66267739340306-7.71870262779656i | Q33: =IMSUM(IMPRODUCT(M33,O32),IMPRODUCT(N33,Q32)) -> 777.762687805184-26.1984829032174i | R33: =IMSUM(IMPRODUCT(M33,P32),IMPRODUCT(N33,R32)) -> -100.109149414674+62.7804383758533i
A34: Rse | B34: as ISO | K34: =K18 -> 1 | L34: =L18 -> -0.04 | M34: =M18 -> 0 | N34: =N18 -> 1 | O34: =IMSUM(IMPRODUCT(K34,O33),IMPRODUCT(L34,Q33)) -> -30.1105075122074+60.4225749145639i | P34: =IMSUM(IMPRODUCT(K34,P33),IMPRODUCT(L34,R33)) -> -0.6583114168161-10.2299201628307i | Q34: =IMSUM(IMPRODUCT(M34,O33),IMPRODUCT(N34,Q33)) -> 777.762687805184-26.1984829032174i | R34: =IMSUM(IMPRODUCT(M34,P33),IMPRODUCT(N34,R33)) -> -100.109149414674+62.7804383758533i
A35: |Y| five-node W/m²K | B35: =IMABS(IMDIV(IMPRODUCT(O34,COMPLEX(-1,0)),P34)) -> 6.5855971
A38: W2 | B38: class | C38: =INDEX(Library!$F$5:$F$34,MATCH(A38,Library!$A$5:$A$34,0)) -> IE
A39: W2: ISO 13786 | T39: row → | U39: =MATCH($A$38,Library!$A$5:$A$34,0) -> 2 | V39: far side | W39: =INDEX(Library!$D$5:$D$34,$U$39) -> ext | X39: Rsi | Y39: =INDEX(Library!$E$5:$E$34,$U$39) -> 0.13
B40: Type | C40: Material | D40: d m | E40: λ | F40: ρ | G40: c | H40: R m²K/W | I40: δ m | J40: x = d/δ | K40: z11 | L40: z12 | M40: z21 | N40: z22 | O40: P11 | P40: P12 | Q40: P21 | R40: P22 | S40: R part | T40: ρcd J/m²K
A41: Rsi | B41: res | H41: =$Y$39 -> 0.13 | I41: =IF(B41="mass",SQRT(E41*($B$2*3600)/(PI()*F41*G41)),0) -> 0 | J41: =IF(B41="mass",D41/I41,0) -> 0 | K41: =IF(B41="mass",COMPLEX(COSH(J41)*COS(J41),SINH(J41)*SIN(J41)),COMPLEX(1,0)) -> 1 | L41: =IF(B41="mass",COMPLEX(-I41/(2*E41)*(SINH(J41)*COS(J41)+COSH(J41)*SIN(J41)),-I41/(2*E41)*(COSH(J41)*SIN(J41)-SINH(J41)*COS(J41))),COMPLEX(-H41,0)) -> -0.13 | M41: =IF(B41="mass",COMPLEX(-E41/I41*(SINH(J41)*COS(J41)-COSH(J41)*SIN(J41)),-E41/I41*(SINH(J41)*COS(J41)+COSH(J41)*SIN(J41))),COMPLEX(0,0)) -> 0 | N41: =K41 -> 1 | O41: =K41 -> 1 | P41: =L41 -> -0.13 | Q41: =M41 -> 0 | R41: =N41 -> 1 | S41: =IF(B41="mass",D41/E41,H41) -> 0.13 | T41: =IF(B41="mass",F41*G41*D41,0) -> 0
A42: Layer 1 | B42: =IF(C42="","none",IF(C42="Cavity","res","mass")) -> mass | C42: =IF(INDEX(Library!$G$5:$G$34,$U$39)="","",INDEX(Library!$G$5:$G$34,$U$39)) -> plasterboard | D42: =IF(B42="mass",INDEX(Library!$H$5:$H$34,$U$39)/1000,0) -> 0.0125 | E42: =IF(B42="mass",INDEX(Materials!$B$5:$B$28,MATCH(C42,Materials!$A$5:$A$28,0)),0) -> 0.21 | F42: =IF(B42="mass",INDEX(Materials!$C$5:$C$28,MATCH(C42,Materials!$A$5:$A$28,0)),0) -> 700 | G42: =IF(B42="mass",INDEX(Materials!$D$5:$D$28,MATCH(C42,Materials!$A$5:$A$28,0)),0) -> 1000 | H42: =IF(B42="res",INDEX(Library!$H$5:$H$34,$U$39),0) -> 0 | I42: =IF(B42="mass",SQRT(E42*($B$2*3600)/(PI()*F42*G42)),0) -> 0.090832771 | J42: =IF(B42="mass",D42/I42,0) -> 0.13761553 | K42: =IF(B42="mass",COMPLEX(COSH(J42)*COS(J42),SINH(J42)*SIN(J42)),COMPLEX(1,0)) -> 0.999940225193105+0.0189379589504749i | L42: =IF(B42="mass",COMPLEX(-I42/(2*E42)*(SINH(J42)*COS(J42)+COSH(J42)*SIN(J42)),-I42/(2*E42)*(COSH(J42)*SIN(J42)-SINH(J42)*COS(J42))),COMPLEX(-H42,0)) -> -0.0595230979186955-0.000375754009423939i | M42: =IF(B42="mass",COMPLEX(-E42/I42*(SINH(J42)*COS(J42)-COSH(J42)*SIN(J42)),-E42/I42*(SINH(J42)*COS(J42)+COSH(J42)*SIN(J42))),COMPLEX(0,0)) -> 0.00401686359323574-0.636310349296785i | N42: =K42 -> 0.999940225193105+0.0189379589504749i | O42: =IMSUM(IMPRODUCT(K42,O41),IMPRODUCT(L42,Q41)) -> 0.999940225193105+0.0189379589504749i | P42: =IMSUM(IMPRODUCT(K42,P41),IMPRODUCT(L42,R41)) -> -0.1895153271938-0.00283768867298567i | Q42: =IMSUM(IMPRODUCT(M42,O41),IMPRODUCT(N42,Q41)) -> 0.00401686359323574-0.636310349296785i | R42: =IMSUM(IMPRODUCT(M42,P41),IMPRODUCT(N42,R41)) -> 0.999418032925984+0.101658304359057i | S42: =IF(B42="mass",D42/E42,H42) -> 0.05952381 | T42: =IF(B42="mass",F42*G42*D42,0) -> 8750
A43: Layer 2 | B43: =IF(C43="","none",IF(C43="Cavity","res","mass")) -> res | C43: =IF(INDEX(Library!$I$5:$I$34,$U$39)="","",INDEX(Library!$I$5:$I$34,$U$39)) -> Cavity | D43: =IF(B43="mass",INDEX(Library!$J$5:$J$34,$U$39)/1000,0) -> 0 | E43: =IF(B43="mass",INDEX(Materials!$B$5:$B$28,MATCH(C43,Materials!$A$5:$A$28,0)),0) -> 0 | F43: =IF(B43="mass",INDEX(Materials!$C$5:$C$28,MATCH(C43,Materials!$A$5:$A$28,0)),0) -> 0 | G43: =IF(B43="mass",INDEX(Materials!$D$5:$D$28,MATCH(C43,Materials!$A$5:$A$28,0)),0) -> 0 | H43: =IF(B43="res",INDEX(Library!$J$5:$J$34,$U$39),0) -> 0.1 | I43: =IF(B43="mass",SQRT(E43*($B$2*3600)/(PI()*F43*G43)),0) -> 0 | J43: =IF(B43="mass",D43/I43,0) -> 0 | K43: =IF(B43="mass",COMPLEX(COSH(J43)*COS(J43),SINH(J43)*SIN(J43)),COMPLEX(1,0)) -> 1 | L43: =IF(B43="mass",COMPLEX(-I43/(2*E43)*(SINH(J43)*COS(J43)+COSH(J43)*SIN(J43)),-I43/(2*E43)*(COSH(J43)*SIN(J43)-SINH(J43)*COS(J43))),COMPLEX(-H43,0)) -> -0.1 | M43: =IF(B43="mass",COMPLEX(-E43/I43*(SINH(J43)*COS(J43)-COSH(J43)*SIN(J43)),-E43/I43*(SINH(J43)*COS(J43)+COSH(J43)*SIN(J43))),COMPLEX(0,0)) -> 0 | N43: =K43 -> 1 | O43: =IMSUM(IMPRODUCT(K43,O42),IMPRODUCT(L43,Q42)) -> 0.999538538833782+0.0825689938801534i | P43: =IMSUM(IMPRODUCT(K43,P42),IMPRODUCT(L43,R42)) -> -0.289457130486398-0.0130035191088914i | Q43: =IMSUM(IMPRODUCT(M43,O42),IMPRODUCT(N43,Q42)) -> 0.00401686359323574-0.636310349296785i | R43: =IMSUM(IMPRODUCT(M43,P42),IMPRODUCT(N43,R42)) -> 0.999418032925984+0.101658304359057i | S43: =IF(B43="mass",D43/E43,H43) -> 0.1 | T43: =IF(B43="mass",F43*G43*D43,0) -> 0
A44: Layer 3 | B44: =IF(C44="","none",IF(C44="Cavity","res","mass")) -> mass | C44: =IF(INDEX(Library!$K$5:$K$34,$U$39)="","",INDEX(Library!$K$5:$K$34,$U$39)) -> dense block | D44: =IF(B44="mass",INDEX(Library!$L$5:$L$34,$U$39)/1000,0) -> 0.1 | E44: =IF(B44="mass",INDEX(Materials!$B$5:$B$28,MATCH(C44,Materials!$A$5:$A$28,0)),0) -> 1.13 | F44: =IF(B44="mass",INDEX(Materials!$C$5:$C$28,MATCH(C44,Materials!$A$5:$A$28,0)),0) -> 2000 | G44: =IF(B44="mass",INDEX(Materials!$D$5:$D$28,MATCH(C44,Materials!$A$5:$A$28,0)),0) -> 1000 | H44: =IF(B44="res",INDEX(Library!$L$5:$L$34,$U$39),0) -> 0 | I44: =IF(B44="mass",SQRT(E44*($B$2*3600)/(PI()*F44*G44)),0) -> 0.12465398 | J44: =IF(B44="mass",D44/I44,0) -> 0.80222066 | K44: =IF(B44="mass",COMPLEX(COSH(J44)*COS(J44),SINH(J44)*SIN(J44)),COMPLEX(1,0)) -> 0.931040246556561+0.640597397168838i | L44: =IF(B44="mass",COMPLEX(-I44/(2*E44)*(SINH(J44)*COS(J44)+COSH(J44)*SIN(J44)),-I44/(2*E44)*(COSH(J44)*SIN(J44)-SINH(J44)*COS(J44))),COMPLEX(-H44,0)) -> -0.0872745132646335-0.0189465784438884i | M44: =IF(B44="mass",COMPLEX(-E44/I44*(SINH(J44)*COS(J44)-COSH(J44)*SIN(J44)),-E44/I44*(SINH(J44)*COS(J44)+COSH(J44)*SIN(J44))),COMPLEX(0,0)) -> 3.11390498909631-14.3437266565329i | N44: =K44 -> 0.931040246556561+0.640597397168838i | O44: =IMSUM(IMPRODUCT(K44,O43),IMPRODUCT(L44,Q43)) -> 0.865310651309553+0.772634412965928i | P44: =IMSUM(IMPRODUCT(K44,P43),IMPRODUCT(L44,R43)) -> -0.346463862973921-0.225340015210106i | Q44: =IMSUM(IMPRODUCT(M44,O43),IMPRODUCT(N44,Q43)) -> 4.70817373661176-14.6698529338472i | R44: =IMSUM(IMPRODUCT(M44,P43),IMPRODUCT(N44,R43)) -> -0.222484559806568+4.84627479878324i | S44: =IF(B44="mass",D44/E44,H44) -> 0.088495575 | T44: =IF(B44="mass",F44*G44*D44,0) -> 200000
A45: Layer 4 | B45: =IF(C45="","none",IF(C45="Cavity","res","mass")) -> mass | C45: =IF(INDEX(Library!$M$5:$M$34,$U$39)="","",INDEX(Library!$M$5:$M$34,$U$39)) -> mineral wool | D45: =IF(B45="mass",INDEX(Library!$N$5:$N$34,$U$39)/1000,0) -> 0.15 | E45: =IF(B45="mass",INDEX(Materials!$B$5:$B$28,MATCH(C45,Materials!$A$5:$A$28,0)),0) -> 0.035 | F45: =IF(B45="mass",INDEX(Materials!$C$5:$C$28,MATCH(C45,Materials!$A$5:$A$28,0)),0) -> 30 | G45: =IF(B45="mass",INDEX(Materials!$D$5:$D$28,MATCH(C45,Materials!$A$5:$A$28,0)),0) -> 1030 | H45: =IF(B45="res",INDEX(Library!$N$5:$N$34,$U$39),0) -> 0 | I45: =IF(B45="mass",SQRT(E45*($B$2*3600)/(PI()*F45*G45)),0) -> 0.17649675 | J45: =IF(B45="mass",D45/I45,0) -> 0.849874 | K45: =IF(B45="mass",COMPLEX(COSH(J45)*COS(J45),SINH(J45)*SIN(J45)),COMPLEX(1,0)) -> 0.913158518565511+0.718100720020173i | L45: =IF(B45="mass",COMPLEX(-I45/(2*E45)*(SINH(J45)*COS(J45)+COSH(J45)*SIN(J45)),-I45/(2*E45)*(COSH(J45)*SIN(J45)-SINH(J45)*COS(J45))),COMPLEX(-H45,0)) -> -4.21123759620779-1.02927418634689i | M45: =IF(B45="mass",COMPLEX(-E45/I45*(SINH(J45)*COS(J45)-COSH(J45)*SIN(J45)),-E45/I45*(SINH(J45)*COS(J45)+COSH(J45)*SIN(J45))),COMPLEX(0,0)) -> 0.0809512819555347-0.331209202129424i | N45: =K45 -> 0.913158518565511+0.718100720020173i | O45: =IMSUM(IMPRODUCT(K45,O44),IMPRODUCT(L45,Q44)) -> -34.6912027272261+58.2591524116088i | P45: =IMSUM(IMPRODUCT(K45,P44),IMPRODUCT(L45,R44)) -> 5.7705212924862-20.634384123846i | Q45: =IMSUM(IMPRODUCT(M45,O44),IMPRODUCT(N45,Q44)) -> 15.1596925428287-10.2390113266067i | R45: =IMSUM(IMPRODUCT(M45,P44),IMPRODUCT(N45,R44)) -> -3.78595847396311+4.36216124974294i | S45: =IF(B45="mass",D45/E45,H45) -> 4.2857143 | T45: =IF(B45="mass",F45*G45*D45,0) -> 4635
A46: Layer 5 | B46: =IF(C46="","none",IF(C46="Cavity","res","mass")) -> mass | C46: =IF(INDEX(Library!$O$5:$O$34,$U$39)="","",INDEX(Library!$O$5:$O$34,$U$39)) -> brick | D46: =IF(B46="mass",INDEX(Library!$P$5:$P$34,$U$39)/1000,0) -> 0.102 | E46: =IF(B46="mass",INDEX(Materials!$B$5:$B$28,MATCH(C46,Materials!$A$5:$A$28,0)),0) -> 0.77 | F46: =IF(B46="mass",INDEX(Materials!$C$5:$C$28,MATCH(C46,Materials!$A$5:$A$28,0)),0) -> 1700 | G46: =IF(B46="mass",INDEX(Materials!$D$5:$D$28,MATCH(C46,Materials!$A$5:$A$28,0)),0) -> 800 | H46: =IF(B46="res",INDEX(Library!$P$5:$P$34,$U$39),0) -> 0 | I46: =IF(B46="mass",SQRT(E46*($B$2*3600)/(PI()*F46*G46)),0) -> 0.1247837 | J46: =IF(B46="mass",D46/I46,0) -> 0.81741448 | K46: =IF(B46="mass",COMPLEX(COSH(J46)*COS(J46),SINH(J46)*SIN(J46)),COMPLEX(1,0)) -> 0.925671349743335+0.664853161913343i | L46: =IF(B46="mass",COMPLEX(-I46/(2*E46)*(SINH(J46)*COS(J46)+COSH(J46)*SIN(J46)),-I46/(2*E46)*(COSH(J46)*SIN(J46)-SINH(J46)*COS(J46))),COMPLEX(-H46,0)) -> -0.130497374771535-0.0294407447988599i | M46: =IF(B46="mass",COMPLEX(-E46/I46*(SINH(J46)*COS(J46)-COSH(J46)*SIN(J46)),-E46/I46*(SINH(J46)*COS(J46)+COSH(J46)*SIN(J46))),COMPLEX(0,0)) -> 2.24204617217389-9.93796663719564i | N46: =K46 -> 0.925671349743335+0.664853161913343i | O46: =IMSUM(IMPRODUCT(K46,O45),IMPRODUCT(L46,Q45)) -> -73.1261783426225+31.7541238829791i | P46: =IMSUM(IMPRODUCT(K46,P45),IMPRODUCT(L46,R45)) -> 19.6829246803833-15.7218980300158i | Q46: =IMSUM(IMPRODUCT(M46,O45),IMPRODUCT(N46,Q45)) -> 522.038566808353+475.980735051902i | R46: =IMSUM(IMPRODUCT(M46,P45),IMPRODUCT(N46,R45)) -> -198.530795816927-102.089668794429i | S46: =IF(B46="mass",D46/E46,H46) -> 0.13246753 | T46: =IF(B46="mass",F46*G46*D46,0) -> 138720
A47: Layer 6 | B47: =IF(C47="","none",IF(C47="Cavity","res","mass")) -> none | C47: =IF(INDEX(Library!$Q$5:$Q$34,$U$39)="","",INDEX(Library!$Q$5:$Q$34,$U$39)) | D47: =IF(B47="mass",INDEX(Library!$R$5:$R$34,$U$39)/1000,0) -> 0 | E47: =IF(B47="mass",INDEX(Materials!$B$5:$B$28,MATCH(C47,Materials!$A$5:$A$28,0)),0) -> 0 | F47: =IF(B47="mass",INDEX(Materials!$C$5:$C$28,MATCH(C47,Materials!$A$5:$A$28,0)),0) -> 0 | G47: =IF(B47="mass",INDEX(Materials!$D$5:$D$28,MATCH(C47,Materials!$A$5:$A$28,0)),0) -> 0 | H47: =IF(B47="res",INDEX(Library!$R$5:$R$34,$U$39),0) -> 0 | I47: =IF(B47="mass",SQRT(E47*($B$2*3600)/(PI()*F47*G47)),0) -> 0 | J47: =IF(B47="mass",D47/I47,0) -> 0 | K47: =IF(B47="mass",COMPLEX(COSH(J47)*COS(J47),SINH(J47)*SIN(J47)),COMPLEX(1,0)) -> 1 | L47: =IF(B47="mass",COMPLEX(-I47/(2*E47)*(SINH(J47)*COS(J47)+COSH(J47)*SIN(J47)),-I47/(2*E47)*(COSH(J47)*SIN(J47)-SINH(J47)*COS(J47))),COMPLEX(-H47,0)) -> -0 | M47: =IF(B47="mass",COMPLEX(-E47/I47*(SINH(J47)*COS(J47)-COSH(J47)*SIN(J47)),-E47/I47*(SINH(J47)*COS(J47)+COSH(J47)*SIN(J47))),COMPLEX(0,0)) -> 0 | N47: =K47 -> 1 | O47: =IMSUM(IMPRODUCT(K47,O46),IMPRODUCT(L47,Q46)) -> -73.1261783426225+31.7541238829791i | P47: =IMSUM(IMPRODUCT(K47,P46),IMPRODUCT(L47,R46)) -> 19.6829246803833-15.7218980300158i | Q47: =IMSUM(IMPRODUCT(M47,O46),IMPRODUCT(N47,Q46)) -> 522.038566808353+475.980735051902i | R47: =IMSUM(IMPRODUCT(M47,P46),IMPRODUCT(N47,R46)) -> -198.530795816927-102.089668794429i | S47: =IF(B47="mass",D47/E47,H47) -> 0 | T47: =IF(B47="mass",F47*G47*D47,0) -> 0
A48: Layer 7 | B48: =IF(C48="","none",IF(C48="Cavity","res","mass")) -> none | C48: =IF(INDEX(Library!$S$5:$S$34,$U$39)="","",INDEX(Library!$S$5:$S$34,$U$39)) | D48: =IF(B48="mass",INDEX(Library!$T$5:$T$34,$U$39)/1000,0) -> 0 | E48: =IF(B48="mass",INDEX(Materials!$B$5:$B$28,MATCH(C48,Materials!$A$5:$A$28,0)),0) -> 0 | F48: =IF(B48="mass",INDEX(Materials!$C$5:$C$28,MATCH(C48,Materials!$A$5:$A$28,0)),0) -> 0 | G48: =IF(B48="mass",INDEX(Materials!$D$5:$D$28,MATCH(C48,Materials!$A$5:$A$28,0)),0) -> 0 | H48: =IF(B48="res",INDEX(Library!$T$5:$T$34,$U$39),0) -> 0 | I48: =IF(B48="mass",SQRT(E48*($B$2*3600)/(PI()*F48*G48)),0) -> 0 | J48: =IF(B48="mass",D48/I48,0) -> 0 | K48: =IF(B48="mass",COMPLEX(COSH(J48)*COS(J48),SINH(J48)*SIN(J48)),COMPLEX(1,0)) -> 1 | L48: =IF(B48="mass",COMPLEX(-I48/(2*E48)*(SINH(J48)*COS(J48)+COSH(J48)*SIN(J48)),-I48/(2*E48)*(COSH(J48)*SIN(J48)-SINH(J48)*COS(J48))),COMPLEX(-H48,0)) -> -0 | M48: =IF(B48="mass",COMPLEX(-E48/I48*(SINH(J48)*COS(J48)-COSH(J48)*SIN(J48)),-E48/I48*(SINH(J48)*COS(J48)+COSH(J48)*SIN(J48))),COMPLEX(0,0)) -> 0 | N48: =K48 -> 1 | O48: =IMSUM(IMPRODUCT(K48,O47),IMPRODUCT(L48,Q47)) -> -73.1261783426225+31.7541238829791i | P48: =IMSUM(IMPRODUCT(K48,P47),IMPRODUCT(L48,R47)) -> 19.6829246803833-15.7218980300158i | Q48: =IMSUM(IMPRODUCT(M48,O47),IMPRODUCT(N48,Q47)) -> 522.038566808353+475.980735051902i | R48: =IMSUM(IMPRODUCT(M48,P47),IMPRODUCT(N48,R47)) -> -198.530795816927-102.089668794429i | S48: =IF(B48="mass",D48/E48,H48) -> 0 | T48: =IF(B48="mass",F48*G48*D48,0) -> 0
A49: Layer 8 | B49: =IF(C49="","none",IF(C49="Cavity","res","mass")) -> none | C49: =IF(INDEX(Library!$U$5:$U$34,$U$39)="","",INDEX(Library!$U$5:$U$34,$U$39)) | D49: =IF(B49="mass",INDEX(Library!$V$5:$V$34,$U$39)/1000,0) -> 0 | E49: =IF(B49="mass",INDEX(Materials!$B$5:$B$28,MATCH(C49,Materials!$A$5:$A$28,0)),0) -> 0 | F49: =IF(B49="mass",INDEX(Materials!$C$5:$C$28,MATCH(C49,Materials!$A$5:$A$28,0)),0) -> 0 | G49: =IF(B49="mass",INDEX(Materials!$D$5:$D$28,MATCH(C49,Materials!$A$5:$A$28,0)),0) -> 0 | H49: =IF(B49="res",INDEX(Library!$V$5:$V$34,$U$39),0) -> 0 | I49: =IF(B49="mass",SQRT(E49*($B$2*3600)/(PI()*F49*G49)),0) -> 0 | J49: =IF(B49="mass",D49/I49,0) -> 0 | K49: =IF(B49="mass",COMPLEX(COSH(J49)*COS(J49),SINH(J49)*SIN(J49)),COMPLEX(1,0)) -> 1 | L49: =IF(B49="mass",COMPLEX(-I49/(2*E49)*(SINH(J49)*COS(J49)+COSH(J49)*SIN(J49)),-I49/(2*E49)*(COSH(J49)*SIN(J49)-SINH(J49)*COS(J49))),COMPLEX(-H49,0)) -> -0 | M49: =IF(B49="mass",COMPLEX(-E49/I49*(SINH(J49)*COS(J49)-COSH(J49)*SIN(J49)),-E49/I49*(SINH(J49)*COS(J49)+COSH(J49)*SIN(J49))),COMPLEX(0,0)) -> 0 | N49: =K49 -> 1 | O49: =IMSUM(IMPRODUCT(K49,O48),IMPRODUCT(L49,Q48)) -> -73.1261783426225+31.7541238829791i | P49: =IMSUM(IMPRODUCT(K49,P48),IMPRODUCT(L49,R48)) -> 19.6829246803833-15.7218980300158i | Q49: =IMSUM(IMPRODUCT(M49,O48),IMPRODUCT(N49,Q48)) -> 522.038566808353+475.980735051902i | R49: =IMSUM(IMPRODUCT(M49,P48),IMPRODUCT(N49,R48)) -> -198.530795816927-102.089668794429i | S49: =IF(B49="mass",D49/E49,H49) -> 0 | T49: =IF(B49="mass",F49*G49*D49,0) -> 0
A50: Far-side layer | B50: =IF($W$39="ground","mass",IF($W$39="adiabatic","res","none")) -> none | C50: =IF($W$39="ground","clay soil","") | D50: =IF(B50="mass",1,0) -> 0 | E50: =IF(B50="mass",INDEX(Materials!$B$5:$B$28,MATCH(C50,Materials!$A$5:$A$28,0)),0) -> 0 | F50: =IF(B50="mass",INDEX(Materials!$C$5:$C$28,MATCH(C50,Materials!$A$5:$A$28,0)),0) -> 0 | G50: =IF(B50="mass",INDEX(Materials!$D$5:$D$28,MATCH(C50,Materials!$A$5:$A$28,0)),0) -> 0 | H50: =IF(B50="res",1000000,0) -> 0 | I50: =IF(B50="mass",SQRT(E50*($B$2*3600)/(PI()*F50*G50)),0) -> 0 | J50: =IF(B50="mass",D50/I50,0) -> 0 | K50: =IF(B50="mass",COMPLEX(COSH(J50)*COS(J50),SINH(J50)*SIN(J50)),COMPLEX(1,0)) -> 1 | L50: =IF(B50="mass",COMPLEX(-I50/(2*E50)*(SINH(J50)*COS(J50)+COSH(J50)*SIN(J50)),-I50/(2*E50)*(COSH(J50)*SIN(J50)-SINH(J50)*COS(J50))),COMPLEX(-H50,0)) -> -0 | M50: =IF(B50="mass",COMPLEX(-E50/I50*(SINH(J50)*COS(J50)-COSH(J50)*SIN(J50)),-E50/I50*(SINH(J50)*COS(J50)+COSH(J50)*SIN(J50))),COMPLEX(0,0)) -> 0 | N50: =K50 -> 1 | O50: =IMSUM(IMPRODUCT(K50,O49),IMPRODUCT(L50,Q49)) -> -73.1261783426225+31.7541238829791i | P50: =IMSUM(IMPRODUCT(K50,P49),IMPRODUCT(L50,R49)) -> 19.6829246803833-15.7218980300158i | Q50: =IMSUM(IMPRODUCT(M50,O49),IMPRODUCT(N50,Q49)) -> 522.038566808353+475.980735051902i | R50: =IMSUM(IMPRODUCT(M50,P49),IMPRODUCT(N50,R49)) -> -198.530795816927-102.089668794429i | S50: =IF(B50="mass",D50/E50,H50) -> 0 | T50: =IF(B50="mass",F50*G50*D50,0) -> 0
A51: Rse | B51: res | H51: =IF($W$39="ext",0.04,IF($W$39="room",$Y$39,0)) -> 0.04 | I51: =IF(B51="mass",SQRT(E51*($B$2*3600)/(PI()*F51*G51)),0) -> 0 | J51: =IF(B51="mass",D51/I51,0) -> 0 | K51: =IF(B51="mass",COMPLEX(COSH(J51)*COS(J51),SINH(J51)*SIN(J51)),COMPLEX(1,0)) -> 1 | L51: =IF(B51="mass",COMPLEX(-I51/(2*E51)*(SINH(J51)*COS(J51)+COSH(J51)*SIN(J51)),-I51/(2*E51)*(COSH(J51)*SIN(J51)-SINH(J51)*COS(J51))),COMPLEX(-H51,0)) -> -0.04 | M51: =IF(B51="mass",COMPLEX(-E51/I51*(SINH(J51)*COS(J51)-COSH(J51)*SIN(J51)),-E51/I51*(SINH(J51)*COS(J51)+COSH(J51)*SIN(J51))),COMPLEX(0,0)) -> 0 | N51: =K51 -> 1 | O51: =IMSUM(IMPRODUCT(K51,O50),IMPRODUCT(L51,Q50)) -> -94.0077210149566+12.714894480903i | P51: =IMSUM(IMPRODUCT(K51,P50),IMPRODUCT(L51,R50)) -> 27.6241565130604-11.6383112782386i | Q51: =IMSUM(IMPRODUCT(M51,O50),IMPRODUCT(N51,Q50)) -> 522.038566808353+475.980735051902i | R51: =IMSUM(IMPRODUCT(M51,P50),IMPRODUCT(N51,R50)) -> -198.530795816927-102.089668794429i | S51: =IF(B51="mass",D51/E51,H51) -> 0.04 | T51: =IF(B51="mass",F51*G51*D51,0) -> 0
A52: U W/m²K | B52: =IF(OR($W$39="ext",$W$39="ground"),1/SUM(S41:S51),"–") -> 0.20677386 | C52: |Y| W/m²K | D52: =IMABS(IMDIV(IMPRODUCT(O51,COMPLEX(-1,0)),P51)) -> 3.1646834 | E52: Y lead h | F52: =IMARGUMENT(IMDIV(IMPRODUCT(O51,COMPLEX(-1,0)),P51))*$B$2/(2*PI()) -> 1.009561 | G52: f | H52: =IF($W$39="ext",IMABS(IMDIV(COMPLEX(-1,0),P51))*SUM(S41:S51),"–") -> 0.16133724 | I52: lag h | J52: =IF($W$39="ext",MOD(-IMARGUMENT(IMDIV(COMPLEX(-1,0),P51))*$B$2/(2*PI()),24),"–") -> 10.476924 | K52: κ₁ kJ/m²K | L52: =($B$2*3600)/(2*PI())*IMABS(IMDIV(IMSUB(O51,COMPLEX(1,0)),P51))/1000 -> 43.972162 | M52: κ total kJ/m²K | N52: =SUM(T42:T49)/1000 -> 352.105 | O52: Rc m²K/W | P52: =SUM(S42:S49) -> 4.6662012
A54: W2: five-node
B55: Kind | C55: R or C | K55: z11 | L55: z12 | M55: z21 | N55: z22 | O55: P11 | P55: P12 | Q55: P21 | R55: P22
A56: Rsi | B56: res | C56: =$Y$39 -> 0.13 | K56: =COMPLEX(1,0) -> 1 | L56: =COMPLEX(-C56,0) -> -0.13 | M56: =COMPLEX(0,0) -> 0 | N56: =COMPLEX(1,0) -> 1 | O56: =K56 -> 1 | P56: =L56 -> -0.13 | Q56: =M56 -> 0 | R56: =N56 -> 1
A57: node 5 (room side) | B57: cap | C57: =INDEX(Classes!$B$5:$F$9,MATCH(Engine!$C$38,Classes!$A$5:$A$9,0),5)*(N52*1000) -> 176052.5 | K57: =COMPLEX(1,0) -> 1 | L57: =COMPLEX(0,0) -> 0 | M57: =COMPLEX(0,-(2*PI()/($B$2*3600))*C57) -> -12.8028990890305i | N57: =COMPLEX(1,0) -> 1 | O57: =IMSUM(IMPRODUCT(K57,O56),IMPRODUCT(L57,Q56)) -> 1 | P57: =IMSUM(IMPRODUCT(K57,P56),IMPRODUCT(L57,R56)) -> -0.13 | Q57: =IMSUM(IMPRODUCT(M57,O56),IMPRODUCT(N57,Q56)) -> -12.8028990890305i | R57: =IMSUM(IMPRODUCT(M57,P56),IMPRODUCT(N57,R56)) -> 1+1.66437688157397i
A58: 6/Rc | B58: res | C58: =P52/6 -> 0.7777002 | K58: =COMPLEX(1,0) -> 1 | L58: =COMPLEX(-C58,0) -> -0.777700200487811 | M58: =COMPLEX(0,0) -> 0 | N58: =COMPLEX(1,0) -> 1 | O58: =IMSUM(IMPRODUCT(K58,O57),IMPRODUCT(L58,Q57)) -> 1+9.95681718836423i | P58: =IMSUM(IMPRODUCT(K58,P57),IMPRODUCT(L58,R57)) -> -0.907700200487811-1.29438623448735i | Q58: =IMSUM(IMPRODUCT(M58,O57),IMPRODUCT(N58,Q57)) -> -12.8028990890305i | R58: =IMSUM(IMPRODUCT(M58,P57),IMPRODUCT(N58,R57)) -> 1+1.66437688157397i
A59: node 4 | B59: cap | C59: =INDEX(Classes!$B$5:$F$9,MATCH(Engine!$C$38,Classes!$A$5:$A$9,0),4)*(N52*1000) -> 0 | K59: =COMPLEX(1,0) -> 1 | L59: =COMPLEX(0,0) -> 0 | M59: =COMPLEX(0,-(2*PI()/($B$2*3600))*C59) -> 0 | N59: =COMPLEX(1,0) -> 1 | O59: =IMSUM(IMPRODUCT(K59,O58),IMPRODUCT(L59,Q58)) -> 1+9.95681718836423i | P59: =IMSUM(IMPRODUCT(K59,P58),IMPRODUCT(L59,R58)) -> -0.907700200487811-1.29438623448735i | Q59: =IMSUM(IMPRODUCT(M59,O58),IMPRODUCT(N59,Q58)) -> -12.8028990890305i | R59: =IMSUM(IMPRODUCT(M59,P58),IMPRODUCT(N59,R58)) -> 1+1.66437688157397i
A60: 3/Rc | B60: res | C60: =P52/3 -> 1.5554004 | K60: =COMPLEX(1,0) -> 1 | L60: =COMPLEX(-C60,0) -> -1.55540040097562 | M60: =COMPLEX(0,0) -> 0 | N60: =COMPLEX(1,0) -> 1 | O60: =IMSUM(IMPRODUCT(K60,O59),IMPRODUCT(L60,Q59)) -> 1+29.8704515650926i | P60: =IMSUM(IMPRODUCT(K60,P59),IMPRODUCT(L60,R59)) -> -2.46310060146343-3.88315870346205i | Q60: =IMSUM(IMPRODUCT(M60,O59),IMPRODUCT(N60,Q59)) -> -12.8028990890305i | R60: =IMSUM(IMPRODUCT(M60,P59),IMPRODUCT(N60,R59)) -> 1+1.66437688157397i
A61: node 3 | B61: cap | C61: =INDEX(Classes!$B$5:$F$9,MATCH(Engine!$C$38,Classes!$A$5:$A$9,0),3)*(N52*1000) -> 0 | K61: =COMPLEX(1,0) -> 1 | L61: =COMPLEX(0,0) -> 0 | M61: =COMPLEX(0,-(2*PI()/($B$2*3600))*C61) -> 0 | N61: =COMPLEX(1,0) -> 1 | O61: =IMSUM(IMPRODUCT(K61,O60),IMPRODUCT(L61,Q60)) -> 1+29.8704515650926i | P61: =IMSUM(IMPRODUCT(K61,P60),IMPRODUCT(L61,R60)) -> -2.46310060146343-3.88315870346205i | Q61: =IMSUM(IMPRODUCT(M61,O60),IMPRODUCT(N61,Q60)) -> -12.8028990890305i | R61: =IMSUM(IMPRODUCT(M61,P60),IMPRODUCT(N61,R60)) -> 1+1.66437688157397i
A62: 3/Rc | B62: res | C62: =P52/3 -> 1.5554004 | K62: =COMPLEX(1,0) -> 1 | L62: =COMPLEX(-C62,0) -> -1.55540040097562 | M62: =COMPLEX(0,0) -> 0 | N62: =COMPLEX(1,0) -> 1 | O62: =IMSUM(IMPRODUCT(K62,O61),IMPRODUCT(L62,Q61)) -> 1+49.784085941821i | P62: =IMSUM(IMPRODUCT(K62,P61),IMPRODUCT(L62,R61)) -> -4.01850100243905-6.47193117243675i | Q62: =IMSUM(IMPRODUCT(M62,O61),IMPRODUCT(N62,Q61)) -> -12.8028990890305i | R62: =IMSUM(IMPRODUCT(M62,P61),IMPRODUCT(N62,R61)) -> 1+1.66437688157397i
A63: node 2 | B63: cap | C63: =INDEX(Classes!$B$5:$F$9,MATCH(Engine!$C$38,Classes!$A$5:$A$9,0),2)*(N52*1000) -> 0 | K63: =COMPLEX(1,0) -> 1 | L63: =COMPLEX(0,0) -> 0 | M63: =COMPLEX(0,-(2*PI()/($B$2*3600))*C63) -> 0 | N63: =COMPLEX(1,0) -> 1 | O63: =IMSUM(IMPRODUCT(K63,O62),IMPRODUCT(L63,Q62)) -> 1+49.784085941821i | P63: =IMSUM(IMPRODUCT(K63,P62),IMPRODUCT(L63,R62)) -> -4.01850100243905-6.47193117243675i | Q63: =IMSUM(IMPRODUCT(M63,O62),IMPRODUCT(N63,Q62)) -> -12.8028990890305i | R63: =IMSUM(IMPRODUCT(M63,P62),IMPRODUCT(N63,R62)) -> 1+1.66437688157397i
A64: 6/Rc | B64: res | C64: =P52/6 -> 0.7777002 | K64: =COMPLEX(1,0) -> 1 | L64: =COMPLEX(-C64,0) -> -0.777700200487811 | M64: =COMPLEX(0,0) -> 0 | N64: =COMPLEX(1,0) -> 1 | O64: =IMSUM(IMPRODUCT(K64,O63),IMPRODUCT(L64,Q63)) -> 1+59.7409031301852i | P64: =IMSUM(IMPRODUCT(K64,P63),IMPRODUCT(L64,R63)) -> -4.79620120292686-7.7663174069241i | Q64: =IMSUM(IMPRODUCT(M64,O63),IMPRODUCT(N64,Q63)) -> -12.8028990890305i | R64: =IMSUM(IMPRODUCT(M64,P63),IMPRODUCT(N64,R63)) -> 1+1.66437688157397i
A65: node 1 (outer) | B65: cap | C65: =INDEX(Classes!$B$5:$F$9,MATCH(Engine!$C$38,Classes!$A$5:$A$9,0),1)*(N52*1000) -> 176052.5 | K65: =COMPLEX(1,0) -> 1 | L65: =COMPLEX(0,0) -> 0 | M65: =COMPLEX(0,-(2*PI()/($B$2*3600))*C65) -> -12.8028990890305i | N65: =COMPLEX(1,0) -> 1 | O65: =IMSUM(IMPRODUCT(K65,O64),IMPRODUCT(L65,Q64)) -> 1+59.7409031301852i | P65: =IMSUM(IMPRODUCT(K65,P64),IMPRODUCT(L65,R64)) -> -4.79620120292686-7.7663174069241i | Q65: =IMSUM(IMPRODUCT(M65,O64),IMPRODUCT(N65,Q64)) -> 764.856754263307-25.605798178061i | R65: =IMSUM(IMPRODUCT(M65,P64),IMPRODUCT(N65,R64)) -> -98.4313780542303+63.0696568933333i
A66: far-side layer | B66: as ISO | K66: =K50 -> 1 | L66: =L50 -> -0 | M66: =M50 -> 0 | N66: =N50 -> 1 | O66: =IMSUM(IMPRODUCT(K66,O65),IMPRODUCT(L66,Q65)) -> 1+59.7409031301852i | P66: =IMSUM(IMPRODUCT(K66,P65),IMPRODUCT(L66,R65)) -> -4.79620120292686-7.7663174069241i | Q66: =IMSUM(IMPRODUCT(M66,O65),IMPRODUCT(N66,Q65)) -> 764.856754263307-25.605798178061i | R66: =IMSUM(IMPRODUCT(M66,P65),IMPRODUCT(N66,R65)) -> -98.4313780542303+63.0696568933333i
A67: Rse | B67: as ISO | K67: =K51 -> 1 | L67: =L51 -> -0.04 | M67: =M51 -> 0 | N67: =N51 -> 1 | O67: =IMSUM(IMPRODUCT(K67,O66),IMPRODUCT(L67,Q66)) -> -29.5942701705323+60.7651350573076i | P67: =IMSUM(IMPRODUCT(K67,P66),IMPRODUCT(L67,R66)) -> -0.85894608075765-10.2891036826574i | Q67: =IMSUM(IMPRODUCT(M67,O66),IMPRODUCT(N67,Q66)) -> 764.856754263307-25.605798178061i | R67: =IMSUM(IMPRODUCT(M67,P66),IMPRODUCT(N67,R66)) -> -98.4313780542303+63.0696568933333i
A68: |Y| five-node W/m²K | B68: =IMABS(IMDIV(IMPRODUCT(O67,COMPLEX(-1,0)),P67)) -> 6.546181
A71: W3 | B71: class | C71: =INDEX(Library!$F$5:$F$34,MATCH(A71,Library!$A$5:$A$34,0)) -> IE
A72: W3: ISO 13786 | T72: row → | U72: =MATCH($A$71,Library!$A$5:$A$34,0) -> 3 | V72: far side | W72: =INDEX(Library!$D$5:$D$34,$U$72) -> ext | X72: Rsi | Y72: =INDEX(Library!$E$5:$E$34,$U$72) -> 0.13
B73: Type | C73: Material | D73: d m | E73: λ | F73: ρ | G73: c | H73: R m²K/W | I73: δ m | J73: x = d/δ | K73: z11 | L73: z12 | M73: z21 | N73: z22 | O73: P11 | P73: P12 | Q73: P21 | R73: P22 | S73: R part | T73: ρcd J/m²K
A74: Rsi | B74: res | H74: =$Y$72 -> 0.13 | I74: =IF(B74="mass",SQRT(E74*($B$2*3600)/(PI()*F74*G74)),0) -> 0 | J74: =IF(B74="mass",D74/I74,0) -> 0 | K74: =IF(B74="mass",COMPLEX(COSH(J74)*COS(J74),SINH(J74)*SIN(J74)),COMPLEX(1,0)) -> 1 | L74: =IF(B74="mass",COMPLEX(-I74/(2*E74)*(SINH(J74)*COS(J74)+COSH(J74)*SIN(J74)),-I74/(2*E74)*(COSH(J74)*SIN(J74)-SINH(J74)*COS(J74))),COMPLEX(-H74,0)) -> -0.13 | M74: =IF(B74="mass",COMPLEX(-E74/I74*(SINH(J74)*COS(J74)-COSH(J74)*SIN(J74)),-E74/I74*(SINH(J74)*COS(J74)+COSH(J74)*SIN(J74))),COMPLEX(0,0)) -> 0 | N74: =K74 -> 1 | O74: =K74 -> 1 | P74: =L74 -> -0.13 | Q74: =M74 -> 0 | R74: =N74 -> 1 | S74: =IF(B74="mass",D74/E74,H74) -> 0.13 | T74: =IF(B74="mass",F74*G74*D74,0) -> 0
A75: Layer 1 | B75: =IF(C75="","none",IF(C75="Cavity","res","mass")) -> mass | C75: =IF(INDEX(Library!$G$5:$G$34,$U$72)="","",INDEX(Library!$G$5:$G$34,$U$72)) -> gypsum plaster | D75: =IF(B75="mass",INDEX(Library!$H$5:$H$34,$U$72)/1000,0) -> 0.013 | E75: =IF(B75="mass",INDEX(Materials!$B$5:$B$28,MATCH(C75,Materials!$A$5:$A$28,0)),0) -> 0.5 | F75: =IF(B75="mass",INDEX(Materials!$C$5:$C$28,MATCH(C75,Materials!$A$5:$A$28,0)),0) -> 1300 | G75: =IF(B75="mass",INDEX(Materials!$D$5:$D$28,MATCH(C75,Materials!$A$5:$A$28,0)),0) -> 1000 | H75: =IF(B75="res",INDEX(Library!$H$5:$H$34,$U$72),0) -> 0 | I75: =IF(B75="mass",SQRT(E75*($B$2*3600)/(PI()*F75*G75)),0) -> 0.10284786 | J75: =IF(B75="mass",D75/I75,0) -> 0.1264003 | K75: =IF(B75="mass",COMPLEX(COSH(J75)*COS(J75),SINH(J75)*SIN(J75)),COMPLEX(1,0)) -> 0.999957455752033+0.0159769895455509i | L75: =IF(B75="mass",COMPLEX(-I75/(2*E75)*(SINH(J75)*COS(J75)+COSH(J75)*SIN(J75)),-I75/(2*E75)*(COSH(J75)*SIN(J75)-SINH(J75)*COS(J75))),COMPLEX(-H75,0)) -> -0.0259997787698508-0.00013846746714729i | M75: =IF(B75="mass",COMPLEX(-E75/I75*(SINH(J75)*COS(J75)-COSH(J75)*SIN(J75)),-E75/I75*(SINH(J75)*COS(J75)+COSH(J75)*SIN(J75))),COMPLEX(0,0)) -> 0.00654526494000515-1.22899222421088i | N75: =K75 -> 0.999957455752033+0.0159769895455509i | O75: =IMSUM(IMPRODUCT(K75,O74),IMPRODUCT(L75,Q74)) -> 0.999957455752033+0.0159769895455509i | P75: =IMSUM(IMPRODUCT(K75,P74),IMPRODUCT(L75,R74)) -> -0.155994248017615-0.00221547610806891i | Q75: =IMSUM(IMPRODUCT(M75,O74),IMPRODUCT(N75,Q74)) -> 0.00654526494000515-1.22899222421088i | R75: =IMSUM(IMPRODUCT(M75,P74),IMPRODUCT(N75,R74)) -> 0.999106571309832+0.175745978692965i | S75: =IF(B75="mass",D75/E75,H75) -> 0.026 | T75: =IF(B75="mass",F75*G75*D75,0) -> 16900
A76: Layer 2 | B76: =IF(C76="","none",IF(C76="Cavity","res","mass")) -> mass | C76: =IF(INDEX(Library!$I$5:$I$34,$U$72)="","",INDEX(Library!$I$5:$I$34,$U$72)) -> aerated block | D76: =IF(B76="mass",INDEX(Library!$J$5:$J$34,$U$72)/1000,0) -> 0.1 | E76: =IF(B76="mass",INDEX(Materials!$B$5:$B$28,MATCH(C76,Materials!$A$5:$A$28,0)),0) -> 0.15 | F76: =IF(B76="mass",INDEX(Materials!$C$5:$C$28,MATCH(C76,Materials!$A$5:$A$28,0)),0) -> 600 | G76: =IF(B76="mass",INDEX(Materials!$D$5:$D$28,MATCH(C76,Materials!$A$5:$A$28,0)),0) -> 1000 | H76: =IF(B76="res",INDEX(Library!$J$5:$J$34,$U$72),0) -> 0 | I76: =IF(B76="mass",SQRT(E76*($B$2*3600)/(PI()*F76*G76)),0) -> 0.082918596 | J76: =IF(B76="mass",D76/I76,0) -> 1.2060021 | K76: =IF(B76="mass",COMPLEX(COSH(J76)*COS(J76),SINH(J76)*SIN(J76)),COMPLEX(1,0)) -> 0.649208036041375+1.42031260877983i | L76: =IF(B76="mass",COMPLEX(-I76/(2*E76)*(SINH(J76)*COS(J76)+COSH(J76)*SIN(J76)),-I76/(2*E76)*(COSH(J76)*SIN(J76)-SINH(J76)*COS(J76))),COMPLEX(-H76,0)) -> -0.619789278416611-0.319956806990616i | M76: =IF(B76="mass",COMPLEX(-E76/I76*(SINH(J76)*COS(J76)-COSH(J76)*SIN(J76)),-E76/I76*(SINH(J76)*COS(J76)+COSH(J76)*SIN(J76))),COMPLEX(0,0)) -> 2.09411240480785-4.05651134134863i | N76: =K76 -> 0.649208036041375+1.42031260877983i | O76: =IMSUM(IMPRODUCT(K76,O75),IMPRODUCT(L76,Q75)) -> 0.229206983362798+2.19024657440491i | P76: =IMSUM(IMPRODUCT(K76,P75),IMPRODUCT(L76,R75)) -> -0.661130469447899-0.651595323967933i | Q76: =IMSUM(IMPRODUCT(M76,O75),IMPRODUCT(N76,Q75)) -> 3.90863654239871-4.81145645399339i | R76: =IMSUM(IMPRODUCT(M76,P75),IMPRODUCT(N76,R75)) -> 0.063357191664891+2.16129234268371i | S76: =IF(B76="mass",D76/E76,H76) -> 0.66666667 | T76: =IF(B76="mass",F76*G76*D76,0) -> 60000
A77: Layer 3 | B77: =IF(C77="","none",IF(C77="Cavity","res","mass")) -> mass | C77: =IF(INDEX(Library!$K$5:$K$34,$U$72)="","",INDEX(Library!$K$5:$K$34,$U$72)) -> mineral wool | D77: =IF(B77="mass",INDEX(Library!$L$5:$L$34,$U$72)/1000,0) -> 0.15 | E77: =IF(B77="mass",INDEX(Materials!$B$5:$B$28,MATCH(C77,Materials!$A$5:$A$28,0)),0) -> 0.035 | F77: =IF(B77="mass",INDEX(Materials!$C$5:$C$28,MATCH(C77,Materials!$A$5:$A$28,0)),0) -> 30 | G77: =IF(B77="mass",INDEX(Materials!$D$5:$D$28,MATCH(C77,Materials!$A$5:$A$28,0)),0) -> 1030 | H77: =IF(B77="res",INDEX(Library!$L$5:$L$34,$U$72),0) -> 0 | I77: =IF(B77="mass",SQRT(E77*($B$2*3600)/(PI()*F77*G77)),0) -> 0.17649675 | J77: =IF(B77="mass",D77/I77,0) -> 0.849874 | K77: =IF(B77="mass",COMPLEX(COSH(J77)*COS(J77),SINH(J77)*SIN(J77)),COMPLEX(1,0)) -> 0.913158518565511+0.718100720020173i | L77: =IF(B77="mass",COMPLEX(-I77/(2*E77)*(SINH(J77)*COS(J77)+COSH(J77)*SIN(J77)),-I77/(2*E77)*(COSH(J77)*SIN(J77)-SINH(J77)*COS(J77))),COMPLEX(-H77,0)) -> -4.21123759620779-1.02927418634689i | M77: =IF(B77="mass",COMPLEX(-E77/I77*(SINH(J77)*COS(J77)-COSH(J77)*SIN(J77)),-E77/I77*(SINH(J77)*COS(J77)+COSH(J77)*SIN(J77))),COMPLEX(0,0)) -> 0.0809512819555347-0.331209202129424i | N77: =K77 -> 0.913158518565511+0.718100720020173i | O77: =IMSUM(IMPRODUCT(K77,O76),IMPRODUCT(L77,Q76)) -> -22.776020416818+18.4037636316337i | P77: =IMSUM(IMPRODUCT(K77,P76),IMPRODUCT(L77,R76)) -> 1.8219443811878-10.2366955786823i | Q77: =IMSUM(IMPRODUCT(M77,O76),IMPRODUCT(N77,Q76)) -> 7.76829951813792-1.48543992636269i | R77: =IMSUM(IMPRODUCT(M77,P76),IMPRODUCT(N77,R76)) -> -1.76350415457844+2.1853243772829i | S77: =IF(B77="mass",D77/E77,H77) -> 4.2857143 | T77: =IF(B77="mass",F77*G77*D77,0) -> 4635
A78: Layer 4 | B78: =IF(C78="","none",IF(C78="Cavity","res","mass")) -> mass | C78: =IF(INDEX(Library!$M$5:$M$34,$U$72)="","",INDEX(Library!$M$5:$M$34,$U$72)) -> brick | D78: =IF(B78="mass",INDEX(Library!$N$5:$N$34,$U$72)/1000,0) -> 0.102 | E78: =IF(B78="mass",INDEX(Materials!$B$5:$B$28,MATCH(C78,Materials!$A$5:$A$28,0)),0) -> 0.77 | F78: =IF(B78="mass",INDEX(Materials!$C$5:$C$28,MATCH(C78,Materials!$A$5:$A$28,0)),0) -> 1700 | G78: =IF(B78="mass",INDEX(Materials!$D$5:$D$28,MATCH(C78,Materials!$A$5:$A$28,0)),0) -> 800 | H78: =IF(B78="res",INDEX(Library!$N$5:$N$34,$U$72),0) -> 0 | I78: =IF(B78="mass",SQRT(E78*($B$2*3600)/(PI()*F78*G78)),0) -> 0.1247837 | J78: =IF(B78="mass",D78/I78,0) -> 0.81741448 | K78: =IF(B78="mass",COMPLEX(COSH(J78)*COS(J78),SINH(J78)*SIN(J78)),COMPLEX(1,0)) -> 0.925671349743335+0.664853161913343i | L78: =IF(B78="mass",COMPLEX(-I78/(2*E78)*(SINH(J78)*COS(J78)+COSH(J78)*SIN(J78)),-I78/(2*E78)*(COSH(J78)*SIN(J78)-SINH(J78)*COS(J78))),COMPLEX(-H78,0)) -> -0.130497374771535-0.0294407447988599i | M78: =IF(B78="mass",COMPLEX(-E78/I78*(SINH(J78)*COS(J78)-COSH(J78)*SIN(J78)),-E78/I78*(SINH(J78)*COS(J78)+COSH(J78)*SIN(J78))),COMPLEX(0,0)) -> 2.24204617217389-9.93796663719564i | N78: =K78 -> 0.925671349743335+0.664853161913343i | O78: =IMSUM(IMPRODUCT(K78,O77),IMPRODUCT(L78,Q77)) -> -34.3763851539572+1.85826901846392i | P78: =IMSUM(IMPRODUCT(K78,P77),IMPRODUCT(L78,R77)) -> 8.78689137738816-8.49775054906051i | Q78: =IMSUM(IMPRODUCT(M78,O77),IMPRODUCT(N78,Q77)) -> 140.009591309169+271.399168150046i | R78: =IMSUM(IMPRODUCT(M78,P77),IMPRODUCT(N78,R77)) -> -100.732400803406-40.2071457602367i | S78: =IF(B78="mass",D78/E78,H78) -> 0.13246753 | T78: =IF(B78="mass",F78*G78*D78,0) -> 138720
A79: Layer 5 | B79: =IF(C79="","none",IF(C79="Cavity","res","mass")) -> none | C79: =IF(INDEX(Library!$O$5:$O$34,$U$72)="","",INDEX(Library!$O$5:$O$34,$U$72)) | D79: =IF(B79="mass",INDEX(Library!$P$5:$P$34,$U$72)/1000,0) -> 0 | E79: =IF(B79="mass",INDEX(Materials!$B$5:$B$28,MATCH(C79,Materials!$A$5:$A$28,0)),0) -> 0 | F79: =IF(B79="mass",INDEX(Materials!$C$5:$C$28,MATCH(C79,Materials!$A$5:$A$28,0)),0) -> 0 | G79: =IF(B79="mass",INDEX(Materials!$D$5:$D$28,MATCH(C79,Materials!$A$5:$A$28,0)),0) -> 0 | H79: =IF(B79="res",INDEX(Library!$P$5:$P$34,$U$72),0) -> 0 | I79: =IF(B79="mass",SQRT(E79*($B$2*3600)/(PI()*F79*G79)),0) -> 0 | J79: =IF(B79="mass",D79/I79,0) -> 0 | K79: =IF(B79="mass",COMPLEX(COSH(J79)*COS(J79),SINH(J79)*SIN(J79)),COMPLEX(1,0)) -> 1 | L79: =IF(B79="mass",COMPLEX(-I79/(2*E79)*(SINH(J79)*COS(J79)+COSH(J79)*SIN(J79)),-I79/(2*E79)*(COSH(J79)*SIN(J79)-SINH(J79)*COS(J79))),COMPLEX(-H79,0)) -> -0 | M79: =IF(B79="mass",COMPLEX(-E79/I79*(SINH(J79)*COS(J79)-COSH(J79)*SIN(J79)),-E79/I79*(SINH(J79)*COS(J79)+COSH(J79)*SIN(J79))),COMPLEX(0,0)) -> 0 | N79: =K79 -> 1 | O79: =IMSUM(IMPRODUCT(K79,O78),IMPRODUCT(L79,Q78)) -> -34.3763851539572+1.85826901846392i | P79: =IMSUM(IMPRODUCT(K79,P78),IMPRODUCT(L79,R78)) -> 8.78689137738816-8.49775054906051i | Q79: =IMSUM(IMPRODUCT(M79,O78),IMPRODUCT(N79,Q78)) -> 140.009591309169+271.399168150046i | R79: =IMSUM(IMPRODUCT(M79,P78),IMPRODUCT(N79,R78)) -> -100.732400803406-40.2071457602367i | S79: =IF(B79="mass",D79/E79,H79) -> 0 | T79: =IF(B79="mass",F79*G79*D79,0) -> 0
A80: Layer 6 | B80: =IF(C80="","none",IF(C80="Cavity","res","mass")) -> none | C80: =IF(INDEX(Library!$Q$5:$Q$34,$U$72)="","",INDEX(Library!$Q$5:$Q$34,$U$72)) | D80: =IF(B80="mass",INDEX(Library!$R$5:$R$34,$U$72)/1000,0) -> 0 | E80: =IF(B80="mass",INDEX(Materials!$B$5:$B$28,MATCH(C80,Materials!$A$5:$A$28,0)),0) -> 0 | F80: =IF(B80="mass",INDEX(Materials!$C$5:$C$28,MATCH(C80,Materials!$A$5:$A$28,0)),0) -> 0 | G80: =IF(B80="mass",INDEX(Materials!$D$5:$D$28,MATCH(C80,Materials!$A$5:$A$28,0)),0) -> 0 | H80: =IF(B80="res",INDEX(Library!$R$5:$R$34,$U$72),0) -> 0 | I80: =IF(B80="mass",SQRT(E80*($B$2*3600)/(PI()*F80*G80)),0) -> 0 | J80: =IF(B80="mass",D80/I80,0) -> 0 | K80: =IF(B80="mass",COMPLEX(COSH(J80)*COS(J80),SINH(J80)*SIN(J80)),COMPLEX(1,0)) -> 1 | L80: =IF(B80="mass",COMPLEX(-I80/(2*E80)*(SINH(J80)*COS(J80)+COSH(J80)*SIN(J80)),-I80/(2*E80)*(COSH(J80)*SIN(J80)-SINH(J80)*COS(J80))),COMPLEX(-H80,0)) -> -0 | M80: =IF(B80="mass",COMPLEX(-E80/I80*(SINH(J80)*COS(J80)-COSH(J80)*SIN(J80)),-E80/I80*(SINH(J80)*COS(J80)+COSH(J80)*SIN(J80))),COMPLEX(0,0)) -> 0 | N80: =K80 -> 1 | O80: =IMSUM(IMPRODUCT(K80,O79),IMPRODUCT(L80,Q79)) -> -34.3763851539572+1.85826901846392i | P80: =IMSUM(IMPRODUCT(K80,P79),IMPRODUCT(L80,R79)) -> 8.78689137738816-8.49775054906051i | Q80: =IMSUM(IMPRODUCT(M80,O79),IMPRODUCT(N80,Q79)) -> 140.009591309169+271.399168150046i | R80: =IMSUM(IMPRODUCT(M80,P79),IMPRODUCT(N80,R79)) -> -100.732400803406-40.2071457602367i | S80: =IF(B80="mass",D80/E80,H80) -> 0 | T80: =IF(B80="mass",F80*G80*D80,0) -> 0
A81: Layer 7 | B81: =IF(C81="","none",IF(C81="Cavity","res","mass")) -> none | C81: =IF(INDEX(Library!$S$5:$S$34,$U$72)="","",INDEX(Library!$S$5:$S$34,$U$72)) | D81: =IF(B81="mass",INDEX(Library!$T$5:$T$34,$U$72)/1000,0) -> 0 | E81: =IF(B81="mass",INDEX(Materials!$B$5:$B$28,MATCH(C81,Materials!$A$5:$A$28,0)),0) -> 0 | F81: =IF(B81="mass",INDEX(Materials!$C$5:$C$28,MATCH(C81,Materials!$A$5:$A$28,0)),0) -> 0 | G81: =IF(B81="mass",INDEX(Materials!$D$5:$D$28,MATCH(C81,Materials!$A$5:$A$28,0)),0) -> 0 | H81: =IF(B81="res",INDEX(Library!$T$5:$T$34,$U$72),0) -> 0 | I81: =IF(B81="mass",SQRT(E81*($B$2*3600)/(PI()*F81*G81)),0) -> 0 | J81: =IF(B81="mass",D81/I81,0) -> 0 | K81: =IF(B81="mass",COMPLEX(COSH(J81)*COS(J81),SINH(J81)*SIN(J81)),COMPLEX(1,0)) -> 1 | L81: =IF(B81="mass",COMPLEX(-I81/(2*E81)*(SINH(J81)*COS(J81)+COSH(J81)*SIN(J81)),-I81/(2*E81)*(COSH(J81)*SIN(J81)-SINH(J81)*COS(J81))),COMPLEX(-H81,0)) -> -0 | M81: =IF(B81="mass",COMPLEX(-E81/I81*(SINH(J81)*COS(J81)-COSH(J81)*SIN(J81)),-E81/I81*(SINH(J81)*COS(J81)+COSH(J81)*SIN(J81))),COMPLEX(0,0)) -> 0 | N81: =K81 -> 1 | O81: =IMSUM(IMPRODUCT(K81,O80),IMPRODUCT(L81,Q80)) -> -34.3763851539572+1.85826901846392i | P81: =IMSUM(IMPRODUCT(K81,P80),IMPRODUCT(L81,R80)) -> 8.78689137738816-8.49775054906051i | Q81: =IMSUM(IMPRODUCT(M81,O80),IMPRODUCT(N81,Q80)) -> 140.009591309169+271.399168150046i | R81: =IMSUM(IMPRODUCT(M81,P80),IMPRODUCT(N81,R80)) -> -100.732400803406-40.2071457602367i | S81: =IF(B81="mass",D81/E81,H81) -> 0 | T81: =IF(B81="mass",F81*G81*D81,0) -> 0
A82: Layer 8 | B82: =IF(C82="","none",IF(C82="Cavity","res","mass")) -> none | C82: =IF(INDEX(Library!$U$5:$U$34,$U$72)="","",INDEX(Library!$U$5:$U$34,$U$72)) | D82: =IF(B82="mass",INDEX(Library!$V$5:$V$34,$U$72)/1000,0) -> 0 | E82: =IF(B82="mass",INDEX(Materials!$B$5:$B$28,MATCH(C82,Materials!$A$5:$A$28,0)),0) -> 0 | F82: =IF(B82="mass",INDEX(Materials!$C$5:$C$28,MATCH(C82,Materials!$A$5:$A$28,0)),0) -> 0 | G82: =IF(B82="mass",INDEX(Materials!$D$5:$D$28,MATCH(C82,Materials!$A$5:$A$28,0)),0) -> 0 | H82: =IF(B82="res",INDEX(Library!$V$5:$V$34,$U$72),0) -> 0 | I82: =IF(B82="mass",SQRT(E82*($B$2*3600)/(PI()*F82*G82)),0) -> 0 | J82: =IF(B82="mass",D82/I82,0) -> 0 | K82: =IF(B82="mass",COMPLEX(COSH(J82)*COS(J82),SINH(J82)*SIN(J82)),COMPLEX(1,0)) -> 1 | L82: =IF(B82="mass",COMPLEX(-I82/(2*E82)*(SINH(J82)*COS(J82)+COSH(J82)*SIN(J82)),-I82/(2*E82)*(COSH(J82)*SIN(J82)-SINH(J82)*COS(J82))),COMPLEX(-H82,0)) -> -0 | M82: =IF(B82="mass",COMPLEX(-E82/I82*(SINH(J82)*COS(J82)-COSH(J82)*SIN(J82)),-E82/I82*(SINH(J82)*COS(J82)+COSH(J82)*SIN(J82))),COMPLEX(0,0)) -> 0 | N82: =K82 -> 1 | O82: =IMSUM(IMPRODUCT(K82,O81),IMPRODUCT(L82,Q81)) -> -34.3763851539572+1.85826901846392i | P82: =IMSUM(IMPRODUCT(K82,P81),IMPRODUCT(L82,R81)) -> 8.78689137738816-8.49775054906051i | Q82: =IMSUM(IMPRODUCT(M82,O81),IMPRODUCT(N82,Q81)) -> 140.009591309169+271.399168150046i | R82: =IMSUM(IMPRODUCT(M82,P81),IMPRODUCT(N82,R81)) -> -100.732400803406-40.2071457602367i | S82: =IF(B82="mass",D82/E82,H82) -> 0 | T82: =IF(B82="mass",F82*G82*D82,0) -> 0
A83: Far-side layer | B83: =IF($W$72="ground","mass",IF($W$72="adiabatic","res","none")) -> none | C83: =IF($W$72="ground","clay soil","") | D83: =IF(B83="mass",1,0) -> 0 | E83: =IF(B83="mass",INDEX(Materials!$B$5:$B$28,MATCH(C83,Materials!$A$5:$A$28,0)),0) -> 0 | F83: =IF(B83="mass",INDEX(Materials!$C$5:$C$28,MATCH(C83,Materials!$A$5:$A$28,0)),0) -> 0 | G83: =IF(B83="mass",INDEX(Materials!$D$5:$D$28,MATCH(C83,Materials!$A$5:$A$28,0)),0) -> 0 | H83: =IF(B83="res",1000000,0) -> 0 | I83: =IF(B83="mass",SQRT(E83*($B$2*3600)/(PI()*F83*G83)),0) -> 0 | J83: =IF(B83="mass",D83/I83,0) -> 0 | K83: =IF(B83="mass",COMPLEX(COSH(J83)*COS(J83),SINH(J83)*SIN(J83)),COMPLEX(1,0)) -> 1 | L83: =IF(B83="mass",COMPLEX(-I83/(2*E83)*(SINH(J83)*COS(J83)+COSH(J83)*SIN(J83)),-I83/(2*E83)*(COSH(J83)*SIN(J83)-SINH(J83)*COS(J83))),COMPLEX(-H83,0)) -> -0 | M83: =IF(B83="mass",COMPLEX(-E83/I83*(SINH(J83)*COS(J83)-COSH(J83)*SIN(J83)),-E83/I83*(SINH(J83)*COS(J83)+COSH(J83)*SIN(J83))),COMPLEX(0,0)) -> 0 | N83: =K83 -> 1 | O83: =IMSUM(IMPRODUCT(K83,O82),IMPRODUCT(L83,Q82)) -> -34.3763851539572+1.85826901846392i | P83: =IMSUM(IMPRODUCT(K83,P82),IMPRODUCT(L83,R82)) -> 8.78689137738816-8.49775054906051i | Q83: =IMSUM(IMPRODUCT(M83,O82),IMPRODUCT(N83,Q82)) -> 140.009591309169+271.399168150046i | R83: =IMSUM(IMPRODUCT(M83,P82),IMPRODUCT(N83,R82)) -> -100.732400803406-40.2071457602367i | S83: =IF(B83="mass",D83/E83,H83) -> 0 | T83: =IF(B83="mass",F83*G83*D83,0) -> 0
A84: Rse | B84: res | H84: =IF($W$72="ext",0.04,IF($W$72="room",$Y$72,0)) -> 0.04 | I84: =IF(B84="mass",SQRT(E84*($B$2*3600)/(PI()*F84*G84)),0) -> 0 | J84: =IF(B84="mass",D84/I84,0) -> 0 | K84: =IF(B84="mass",COMPLEX(COSH(J84)*COS(J84),SINH(J84)*SIN(J84)),COMPLEX(1,0)) -> 1 | L84: =IF(B84="mass",COMPLEX(-I84/(2*E84)*(SINH(J84)*COS(J84)+COSH(J84)*SIN(J84)),-I84/(2*E84)*(COSH(J84)*SIN(J84)-SINH(J84)*COS(J84))),COMPLEX(-H84,0)) -> -0.04 | M84: =IF(B84="mass",COMPLEX(-E84/I84*(SINH(J84)*COS(J84)-COSH(J84)*SIN(J84)),-E84/I84*(SINH(J84)*COS(J84)+COSH(J84)*SIN(J84))),COMPLEX(0,0)) -> 0 | N84: =K84 -> 1 | O84: =IMSUM(IMPRODUCT(K84,O83),IMPRODUCT(L84,Q83)) -> -39.976768806324-8.99769770753788i | P84: =IMSUM(IMPRODUCT(K84,P83),IMPRODUCT(L84,R83)) -> 12.8161874095244-6.88946471865104i | Q84: =IMSUM(IMPRODUCT(M84,O83),IMPRODUCT(N84,Q83)) -> 140.009591309169+271.399168150046i | R84: =IMSUM(IMPRODUCT(M84,P83),IMPRODUCT(N84,R83)) -> -100.732400803406-40.2071457602367i | S84: =IF(B84="mass",D84/E84,H84) -> 0.04 | T84: =IF(B84="mass",F84*G84*D84,0) -> 0
A85: U W/m²K | B85: =IF(OR($W$72="ext",$W$72="ground"),1/SUM(S74:S84),"–") -> 0.18936351 | C85: |Y| W/m²K | D85: =IMABS(IMDIV(IMPRODUCT(O84,COMPLEX(-1,0)),P84)) -> 2.8161647 | E85: Y lead h | F85: =IMARGUMENT(IMDIV(IMPRODUCT(O84,COMPLEX(-1,0)),P84))*$B$2/(2*PI()) -> 2.7296702 | G85: f | H85: =IF($W$72="ext",IMABS(IMDIV(COMPLEX(-1,0),P84))*SUM(S74:S84),"–") -> 0.36293044 | I85: lag h | J85: =IF($W$72="ext",MOD(-IMARGUMENT(IMDIV(COMPLEX(-1,0),P84))*$B$2/(2*PI()),24),"–") -> 10.115955 | K85: κ₁ kJ/m²K | L85: =($B$2*3600)/(2*PI())*IMABS(IMDIV(IMSUB(O84,COMPLEX(1,0)),P84))/1000 -> 39.64757 | M85: κ total kJ/m²K | N85: =SUM(T75:T82)/1000 -> 220.255 | O85: Rc m²K/W | P85: =SUM(S75:S82) -> 5.1108485
A87: W3: five-node
B88: Kind | C88: R or C | K88: z11 | L88: z12 | M88: z21 | N88: z22 | O88: P11 | P88: P12 | Q88: P21 | R88: P22
A89: Rsi | B89: res | C89: =$Y$72 -> 0.13 | K89: =COMPLEX(1,0) -> 1 | L89: =COMPLEX(-C89,0) -> -0.13 | M89: =COMPLEX(0,0) -> 0 | N89: =COMPLEX(1,0) -> 1 | O89: =K89 -> 1 | P89: =L89 -> -0.13 | Q89: =M89 -> 0 | R89: =N89 -> 1
A90: node 5 (room side) | B90: cap | C90: =INDEX(Classes!$B$5:$F$9,MATCH(Engine!$C$71,Classes!$A$5:$A$9,0),5)*(N85*1000) -> 110127.5 | K90: =COMPLEX(1,0) -> 1 | L90: =COMPLEX(0,0) -> 0 | M90: =COMPLEX(0,-(2*PI()/($B$2*3600))*C90) -> -8.00869779995856i | N90: =COMPLEX(1,0) -> 1 | O90: =IMSUM(IMPRODUCT(K90,O89),IMPRODUCT(L90,Q89)) -> 1 | P90: =IMSUM(IMPRODUCT(K90,P89),IMPRODUCT(L90,R89)) -> -0.13 | Q90: =IMSUM(IMPRODUCT(M90,O89),IMPRODUCT(N90,Q89)) -> -8.00869779995856i | R90: =IMSUM(IMPRODUCT(M90,P89),IMPRODUCT(N90,R89)) -> 1+1.04113071399461i
A91: 6/Rc | B91: res | C91: =P85/6 -> 0.85180808 | K91: =COMPLEX(1,0) -> 1 | L91: =COMPLEX(-C91,0) -> -0.851808080808081 | M91: =COMPLEX(0,0) -> 0 | N91: =COMPLEX(1,0) -> 1 | O91: =IMSUM(IMPRODUCT(K91,O90),IMPRODUCT(L91,Q90)) -> 1+6.8218735027546i | P91: =IMSUM(IMPRODUCT(K91,P90),IMPRODUCT(L91,R90)) -> -0.981808080808081-0.886843555358096i | Q91: =IMSUM(IMPRODUCT(M91,O90),IMPRODUCT(N91,Q90)) -> -8.00869779995856i | R91: =IMSUM(IMPRODUCT(M91,P90),IMPRODUCT(N91,R90)) -> 1+1.04113071399461i
A92: node 4 | B92: cap | C92: =INDEX(Classes!$B$5:$F$9,MATCH(Engine!$C$71,Classes!$A$5:$A$9,0),4)*(N85*1000) -> 0 | K92: =COMPLEX(1,0) -> 1 | L92: =COMPLEX(0,0) -> 0 | M92: =COMPLEX(0,-(2*PI()/($B$2*3600))*C92) -> 0 | N92: =COMPLEX(1,0) -> 1 | O92: =IMSUM(IMPRODUCT(K92,O91),IMPRODUCT(L92,Q91)) -> 1+6.8218735027546i | P92: =IMSUM(IMPRODUCT(K92,P91),IMPRODUCT(L92,R91)) -> -0.981808080808081-0.886843555358096i | Q92: =IMSUM(IMPRODUCT(M92,O91),IMPRODUCT(N92,Q91)) -> -8.00869779995856i | R92: =IMSUM(IMPRODUCT(M92,P91),IMPRODUCT(N92,R91)) -> 1+1.04113071399461i
A93: 3/Rc | B93: res | C93: =P85/3 -> 1.7036162 | K93: =COMPLEX(1,0) -> 1 | L93: =COMPLEX(-C93,0) -> -1.70361616161616 | M93: =COMPLEX(0,0) -> 0 | N93: =COMPLEX(1,0) -> 1 | O93: =IMSUM(IMPRODUCT(K93,O92),IMPRODUCT(L93,Q92)) -> 1+20.4656205082638i | P93: =IMSUM(IMPRODUCT(K93,P92),IMPRODUCT(L93,R92)) -> -2.68542424242424-2.66053066607429i | Q93: =IMSUM(IMPRODUCT(M93,O92),IMPRODUCT(N93,Q92)) -> -8.00869779995856i | R93: =IMSUM(IMPRODUCT(M93,P92),IMPRODUCT(N93,R92)) -> 1+1.04113071399461i
A94: node 3 | B94: cap | C94: =INDEX(Classes!$B$5:$F$9,MATCH(Engine!$C$71,Classes!$A$5:$A$9,0),3)*(N85*1000) -> 0 | K94: =COMPLEX(1,0) -> 1 | L94: =COMPLEX(0,0) -> 0 | M94: =COMPLEX(0,-(2*PI()/($B$2*3600))*C94) -> 0 | N94: =COMPLEX(1,0) -> 1 | O94: =IMSUM(IMPRODUCT(K94,O93),IMPRODUCT(L94,Q93)) -> 1+20.4656205082638i | P94: =IMSUM(IMPRODUCT(K94,P93),IMPRODUCT(L94,R93)) -> -2.68542424242424-2.66053066607429i | Q94: =IMSUM(IMPRODUCT(M94,O93),IMPRODUCT(N94,Q93)) -> -8.00869779995856i | R94: =IMSUM(IMPRODUCT(M94,P93),IMPRODUCT(N94,R93)) -> 1+1.04113071399461i
A95: 3/Rc | B95: res | C95: =P85/3 -> 1.7036162 | K95: =COMPLEX(1,0) -> 1 | L95: =COMPLEX(-C95,0) -> -1.70361616161616 | M95: =COMPLEX(0,0) -> 0 | N95: =COMPLEX(1,0) -> 1 | O95: =IMSUM(IMPRODUCT(K95,O94),IMPRODUCT(L95,Q94)) -> 1+34.109367513773i | P95: =IMSUM(IMPRODUCT(K95,P94),IMPRODUCT(L95,R94)) -> -4.3890404040404-4.43421777679048i | Q95: =IMSUM(IMPRODUCT(M95,O94),IMPRODUCT(N95,Q94)) -> -8.00869779995856i | R95: =IMSUM(IMPRODUCT(M95,P94),IMPRODUCT(N95,R94)) -> 1+1.04113071399461i
A96: node 2 | B96: cap | C96: =INDEX(Classes!$B$5:$F$9,MATCH(Engine!$C$71,Classes!$A$5:$A$9,0),2)*(N85*1000) -> 0 | K96: =COMPLEX(1,0) -> 1 | L96: =COMPLEX(0,0) -> 0 | M96: =COMPLEX(0,-(2*PI()/($B$2*3600))*C96) -> 0 | N96: =COMPLEX(1,0) -> 1 | O96: =IMSUM(IMPRODUCT(K96,O95),IMPRODUCT(L96,Q95)) -> 1+34.109367513773i | P96: =IMSUM(IMPRODUCT(K96,P95),IMPRODUCT(L96,R95)) -> -4.3890404040404-4.43421777679048i | Q96: =IMSUM(IMPRODUCT(M96,O95),IMPRODUCT(N96,Q95)) -> -8.00869779995856i | R96: =IMSUM(IMPRODUCT(M96,P95),IMPRODUCT(N96,R95)) -> 1+1.04113071399461i
A97: 6/Rc | B97: res | C97: =P85/6 -> 0.85180808 | K97: =COMPLEX(1,0) -> 1 | L97: =COMPLEX(-C97,0) -> -0.851808080808081 | M97: =COMPLEX(0,0) -> 0 | N97: =COMPLEX(1,0) -> 1 | O97: =IMSUM(IMPRODUCT(K97,O96),IMPRODUCT(L97,Q96)) -> 1+40.9312410165276i | P97: =IMSUM(IMPRODUCT(K97,P96),IMPRODUCT(L97,R96)) -> -5.24084848484848-5.32106133214858i | Q97: =IMSUM(IMPRODUCT(M97,O96),IMPRODUCT(N97,Q96)) -> -8.00869779995856i | R97: =IMSUM(IMPRODUCT(M97,P96),IMPRODUCT(N97,R96)) -> 1+1.04113071399461i
A98: node 1 (outer) | B98: cap | C98: =INDEX(Classes!$B$5:$F$9,MATCH(Engine!$C$71,Classes!$A$5:$A$9,0),1)*(N85*1000) -> 110127.5 | K98: =COMPLEX(1,0) -> 1 | L98: =COMPLEX(0,0) -> 0 | M98: =COMPLEX(0,-(2*PI()/($B$2*3600))*C98) -> -8.00869779995856i | N98: =COMPLEX(1,0) -> 1 | O98: =IMSUM(IMPRODUCT(K98,O97),IMPRODUCT(L98,Q97)) -> 1+40.9312410165276i | P98: =IMSUM(IMPRODUCT(K98,P97),IMPRODUCT(L98,R97)) -> -5.24084848484848-5.32106133214858i | Q98: =IMSUM(IMPRODUCT(M98,O97),IMPRODUCT(N98,Q97)) -> 327.805939878638-16.0173955999171i | R98: =IMSUM(IMPRODUCT(M98,P97),IMPRODUCT(N98,R97)) -> -41.6147721842229+43.0135024445168i
A99: far-side layer | B99: as ISO | K99: =K83 -> 1 | L99: =L83 -> -0 | M99: =M83 -> 0 | N99: =N83 -> 1 | O99: =IMSUM(IMPRODUCT(K99,O98),IMPRODUCT(L99,Q98)) -> 1+40.9312410165276i | P99: =IMSUM(IMPRODUCT(K99,P98),IMPRODUCT(L99,R98)) -> -5.24084848484848-5.32106133214858i | Q99: =IMSUM(IMPRODUCT(M99,O98),IMPRODUCT(N99,Q98)) -> 327.805939878638-16.0173955999171i | R99: =IMSUM(IMPRODUCT(M99,P98),IMPRODUCT(N99,R98)) -> -41.6147721842229+43.0135024445168i
A100: Rse | B100: as ISO | K100: =K84 -> 1 | L100: =L84 -> -0.04 | M100: =M84 -> 0 | N100: =N84 -> 1 | O100: =IMSUM(IMPRODUCT(K100,O99),IMPRODUCT(L100,Q99)) -> -12.1122375951455+41.5719368405243i | P100: =IMSUM(IMPRODUCT(K100,P99),IMPRODUCT(L100,R99)) -> -3.57625759747956-7.04160142992925i | Q100: =IMSUM(IMPRODUCT(M100,O99),IMPRODUCT(N100,Q99)) -> 327.805939878638-16.0173955999171i | R100: =IMSUM(IMPRODUCT(M100,P99),IMPRODUCT(N100,R99)) -> -41.6147721842229+43.0135024445168i
A101: |Y| five-node W/m²K | B101: =IMABS(IMDIV(IMPRODUCT(O100,COMPLEX(-1,0)),P100)) -> 5.482666
A104: W4 | B104: class | C104: =INDEX(Library!$F$5:$F$34,MATCH(A104,Library!$A$5:$A$34,0)) -> IE
A105: W4: ISO 13786 | T105: row → | U105: =MATCH($A$104,Library!$A$5:$A$34,0) -> 4 | V105: far side | W105: =INDEX(Library!$D$5:$D$34,$U$105) -> ext | X105: Rsi | Y105: =INDEX(Library!$E$5:$E$34,$U$105) -> 0.13
B106: Type | C106: Material | D106: d m | E106: λ | F106: ρ | G106: c | H106: R m²K/W | I106: δ m | J106: x = d/δ | K106: z11 | L106: z12 | M106: z21 | N106: z22 | O106: P11 | P106: P12 | Q106: P21 | R106: P22 | S106: R part | T106: ρcd J/m²K
A107: Rsi | B107: res | H107: =$Y$105 -> 0.13 | I107: =IF(B107="mass",SQRT(E107*($B$2*3600)/(PI()*F107*G107)),0) -> 0 | J107: =IF(B107="mass",D107/I107,0) -> 0 | K107: =IF(B107="mass",COMPLEX(COSH(J107)*COS(J107),SINH(J107)*SIN(J107)),COMPLEX(1,0)) -> 1 | L107: =IF(B107="mass",COMPLEX(-I107/(2*E107)*(SINH(J107)*COS(J107)+COSH(J107)*SIN(J107)),-I107/(2*E107)*(COSH(J107)*SIN(J107)-SINH(J107)*COS(J107))),COMPLEX(-H107,0)) -> -0.13 | M107: =IF(B107="mass",COMPLEX(-E107/I107*(SINH(J107)*COS(J107)-COSH(J107)*SIN(J107)),-E107/I107*(SINH(J107)*COS(J107)+COSH(J107)*SIN(J107))),COMPLEX(0,0)) -> 0 | N107: =K107 -> 1 | O107: =K107 -> 1 | P107: =L107 -> -0.13 | Q107: =M107 -> 0 | R107: =N107 -> 1 | S107: =IF(B107="mass",D107/E107,H107) -> 0.13 | T107: =IF(B107="mass",F107*G107*D107,0) -> 0
A108: Layer 1 | B108: =IF(C108="","none",IF(C108="Cavity","res","mass")) -> mass | C108: =IF(INDEX(Library!$G$5:$G$34,$U$105)="","",INDEX(Library!$G$5:$G$34,$U$105)) -> plasterboard | D108: =IF(B108="mass",INDEX(Library!$H$5:$H$34,$U$105)/1000,0) -> 0.0125 | E108: =IF(B108="mass",INDEX(Materials!$B$5:$B$28,MATCH(C108,Materials!$A$5:$A$28,0)),0) -> 0.21 | F108: =IF(B108="mass",INDEX(Materials!$C$5:$C$28,MATCH(C108,Materials!$A$5:$A$28,0)),0) -> 700 | G108: =IF(B108="mass",INDEX(Materials!$D$5:$D$28,MATCH(C108,Materials!$A$5:$A$28,0)),0) -> 1000 | H108: =IF(B108="res",INDEX(Library!$H$5:$H$34,$U$105),0) -> 0 | I108: =IF(B108="mass",SQRT(E108*($B$2*3600)/(PI()*F108*G108)),0) -> 0.090832771 | J108: =IF(B108="mass",D108/I108,0) -> 0.13761553 | K108: =IF(B108="mass",COMPLEX(COSH(J108)*COS(J108),SINH(J108)*SIN(J108)),COMPLEX(1,0)) -> 0.999940225193105+0.0189379589504749i | L108: =IF(B108="mass",COMPLEX(-I108/(2*E108)*(SINH(J108)*COS(J108)+COSH(J108)*SIN(J108)),-I108/(2*E108)*(COSH(J108)*SIN(J108)-SINH(J108)*COS(J108))),COMPLEX(-H108,0)) -> -0.0595230979186955-0.000375754009423939i | M108: =IF(B108="mass",COMPLEX(-E108/I108*(SINH(J108)*COS(J108)-COSH(J108)*SIN(J108)),-E108/I108*(SINH(J108)*COS(J108)+COSH(J108)*SIN(J108))),COMPLEX(0,0)) -> 0.00401686359323574-0.636310349296785i | N108: =K108 -> 0.999940225193105+0.0189379589504749i | O108: =IMSUM(IMPRODUCT(K108,O107),IMPRODUCT(L108,Q107)) -> 0.999940225193105+0.0189379589504749i | P108: =IMSUM(IMPRODUCT(K108,P107),IMPRODUCT(L108,R107)) -> -0.1895153271938-0.00283768867298567i | Q108: =IMSUM(IMPRODUCT(M108,O107),IMPRODUCT(N108,Q107)) -> 0.00401686359323574-0.636310349296785i | R108: =IMSUM(IMPRODUCT(M108,P107),IMPRODUCT(N108,R107)) -> 0.999418032925984+0.101658304359057i | S108: =IF(B108="mass",D108/E108,H108) -> 0.05952381 | T108: =IF(B108="mass",F108*G108*D108,0) -> 8750
A109: Layer 2 | B109: =IF(C109="","none",IF(C109="Cavity","res","mass")) -> res | C109: =IF(INDEX(Library!$I$5:$I$34,$U$105)="","",INDEX(Library!$I$5:$I$34,$U$105)) -> Cavity | D109: =IF(B109="mass",INDEX(Library!$J$5:$J$34,$U$105)/1000,0) -> 0 | E109: =IF(B109="mass",INDEX(Materials!$B$5:$B$28,MATCH(C109,Materials!$A$5:$A$28,0)),0) -> 0 | F109: =IF(B109="mass",INDEX(Materials!$C$5:$C$28,MATCH(C109,Materials!$A$5:$A$28,0)),0) -> 0 | G109: =IF(B109="mass",INDEX(Materials!$D$5:$D$28,MATCH(C109,Materials!$A$5:$A$28,0)),0) -> 0 | H109: =IF(B109="res",INDEX(Library!$J$5:$J$34,$U$105),0) -> 0.1 | I109: =IF(B109="mass",SQRT(E109*($B$2*3600)/(PI()*F109*G109)),0) -> 0 | J109: =IF(B109="mass",D109/I109,0) -> 0 | K109: =IF(B109="mass",COMPLEX(COSH(J109)*COS(J109),SINH(J109)*SIN(J109)),COMPLEX(1,0)) -> 1 | L109: =IF(B109="mass",COMPLEX(-I109/(2*E109)*(SINH(J109)*COS(J109)+COSH(J109)*SIN(J109)),-I109/(2*E109)*(COSH(J109)*SIN(J109)-SINH(J109)*COS(J109))),COMPLEX(-H109,0)) -> -0.1 | M109: =IF(B109="mass",COMPLEX(-E109/I109*(SINH(J109)*COS(J109)-COSH(J109)*SIN(J109)),-E109/I109*(SINH(J109)*COS(J109)+COSH(J109)*SIN(J109))),COMPLEX(0,0)) -> 0 | N109: =K109 -> 1 | O109: =IMSUM(IMPRODUCT(K109,O108),IMPRODUCT(L109,Q108)) -> 0.999538538833782+0.0825689938801534i | P109: =IMSUM(IMPRODUCT(K109,P108),IMPRODUCT(L109,R108)) -> -0.289457130486398-0.0130035191088914i | Q109: =IMSUM(IMPRODUCT(M109,O108),IMPRODUCT(N109,Q108)) -> 0.00401686359323574-0.636310349296785i | R109: =IMSUM(IMPRODUCT(M109,P108),IMPRODUCT(N109,R108)) -> 0.999418032925984+0.101658304359057i | S109: =IF(B109="mass",D109/E109,H109) -> 0.1 | T109: =IF(B109="mass",F109*G109*D109,0) -> 0
A110: Layer 3 | B110: =IF(C110="","none",IF(C110="Cavity","res","mass")) -> mass | C110: =IF(INDEX(Library!$K$5:$K$34,$U$105)="","",INDEX(Library!$K$5:$K$34,$U$105)) -> aerated block | D110: =IF(B110="mass",INDEX(Library!$L$5:$L$34,$U$105)/1000,0) -> 0.1 | E110: =IF(B110="mass",INDEX(Materials!$B$5:$B$28,MATCH(C110,Materials!$A$5:$A$28,0)),0) -> 0.15 | F110: =IF(B110="mass",INDEX(Materials!$C$5:$C$28,MATCH(C110,Materials!$A$5:$A$28,0)),0) -> 600 | G110: =IF(B110="mass",INDEX(Materials!$D$5:$D$28,MATCH(C110,Materials!$A$5:$A$28,0)),0) -> 1000 | H110: =IF(B110="res",INDEX(Library!$L$5:$L$34,$U$105),0) -> 0 | I110: =IF(B110="mass",SQRT(E110*($B$2*3600)/(PI()*F110*G110)),0) -> 0.082918596 | J110: =IF(B110="mass",D110/I110,0) -> 1.2060021 | K110: =IF(B110="mass",COMPLEX(COSH(J110)*COS(J110),SINH(J110)*SIN(J110)),COMPLEX(1,0)) -> 0.649208036041375+1.42031260877983i | L110: =IF(B110="mass",COMPLEX(-I110/(2*E110)*(SINH(J110)*COS(J110)+COSH(J110)*SIN(J110)),-I110/(2*E110)*(COSH(J110)*SIN(J110)-SINH(J110)*COS(J110))),COMPLEX(-H110,0)) -> -0.619789278416611-0.319956806990616i | M110: =IF(B110="mass",COMPLEX(-E110/I110*(SINH(J110)*COS(J110)-COSH(J110)*SIN(J110)),-E110/I110*(SINH(J110)*COS(J110)+COSH(J110)*SIN(J110))),COMPLEX(0,0)) -> 2.09411240480785-4.05651134134863i | N110: =K110 -> 0.649208036041375+1.42031260877983i | O110: =IMSUM(IMPRODUCT(K110,O109),IMPRODUCT(L110,Q109)) -> 0.325553232037667+1.86635475341211i | P110: =IMSUM(IMPRODUCT(K110,P109),IMPRODUCT(L110,R109)) -> -0.756351148049319-0.802338931000965i | Q110: =IMSUM(IMPRODUCT(M110,O109),IMPRODUCT(N110,Q109)) -> 3.33445550570165-4.28912325472789i | R110: =IMSUM(IMPRODUCT(M110,P109),IMPRODUCT(N110,R109)) -> -0.154461043482446+2.63243872370717i | S110: =IF(B110="mass",D110/E110,H110) -> 0.66666667 | T110: =IF(B110="mass",F110*G110*D110,0) -> 60000
A111: Layer 4 | B111: =IF(C111="","none",IF(C111="Cavity","res","mass")) -> mass | C111: =IF(INDEX(Library!$M$5:$M$34,$U$105)="","",INDEX(Library!$M$5:$M$34,$U$105)) -> mineral wool | D111: =IF(B111="mass",INDEX(Library!$N$5:$N$34,$U$105)/1000,0) -> 0.15 | E111: =IF(B111="mass",INDEX(Materials!$B$5:$B$28,MATCH(C111,Materials!$A$5:$A$28,0)),0) -> 0.035 | F111: =IF(B111="mass",INDEX(Materials!$C$5:$C$28,MATCH(C111,Materials!$A$5:$A$28,0)),0) -> 30 | G111: =IF(B111="mass",INDEX(Materials!$D$5:$D$28,MATCH(C111,Materials!$A$5:$A$28,0)),0) -> 1030 | H111: =IF(B111="res",INDEX(Library!$N$5:$N$34,$U$105),0) -> 0 | I111: =IF(B111="mass",SQRT(E111*($B$2*3600)/(PI()*F111*G111)),0) -> 0.17649675 | J111: =IF(B111="mass",D111/I111,0) -> 0.849874 | K111: =IF(B111="mass",COMPLEX(COSH(J111)*COS(J111),SINH(J111)*SIN(J111)),COMPLEX(1,0)) -> 0.913158518565511+0.718100720020173i | L111: =IF(B111="mass",COMPLEX(-I111/(2*E111)*(SINH(J111)*COS(J111)+COSH(J111)*SIN(J111)),-I111/(2*E111)*(COSH(J111)*SIN(J111)-SINH(J111)*COS(J111))),COMPLEX(-H111,0)) -> -4.21123759620779-1.02927418634689i | M111: =IF(B111="mass",COMPLEX(-E111/I111*(SINH(J111)*COS(J111)-COSH(J111)*SIN(J111)),-E111/I111*(SINH(J111)*COS(J111)+COSH(J111)*SIN(J111))),COMPLEX(0,0)) -> 0.0809512819555347-0.331209202129424i | N111: =K111 -> 0.913158518565511+0.718100720020173i | O111: =IMSUM(IMPRODUCT(K111,O110),IMPRODUCT(L111,Q110)) -> -19.499817221801+16.5685058796129i | P111: =IMSUM(IMPRODUCT(K111,P110),IMPRODUCT(L111,R110)) -> 3.24546504909848-12.2026410917588i | Q111: =IMSUM(IMPRODUCT(M111,O110),IMPRODUCT(N111,Q110)) -> 6.7694167675308-1.47891695407395i | R111: =IMSUM(IMPRODUCT(M111,P110),IMPRODUCT(N111,R110)) -> -2.35837319276296+2.47847535386284i | S111: =IF(B111="mass",D111/E111,H111) -> 4.2857143 | T111: =IF(B111="mass",F111*G111*D111,0) -> 4635
...

Sheet Calculator
A1: Build-up calculator
A2: Choose a build-up (or 'Custom' to use your own row on the Library sheet) and a period. Everything below recalculates.
A4: Build-up key | B4: W2 | C4: =INDEX(Library!$B$5:$B$34,MATCH(B4,Library!$A$5:$A$34,0)) -> Cavity: board on dabs, 100 dense block, 150 MW, brick | F4: Results
A5: Period, hours | B5: 24 | F5: U W/m²K | G5: |Y| W/m²K | H5: Y lead h | I5: f | J5: lag h | K5: κ₁ kJ/m²K | L5: κ total kJ/m²K | M5: Five-node |Y| (class)
A6: Five-node class | B6: rule | C6: =IF(B6="rule",INDEX(Library!$F$5:$F$34,MATCH(B4,Library!$A$5:$A$34,0)),B6) -> IE | D6: ← class used below | F6: =B22 -> 0.20677386 | G6: =D22 -> 3.1646834 | H6: =F22 -> 1.009561 | I6: =H22 -> 0.16133724 | J6: =J22 -> 10.476924 | K6: =L22 -> 43.972162 | L6: =N22 -> 352.105 | M6: =B39 -> 6.546181
A9: ISO 13786 matrix chain (room side first) | T9: row → | U9: =MATCH($B$4,Library!$A$5:$A$34,0) -> 2 | V9: far side | W9: =INDEX(Library!$D$5:$D$34,$U$9) -> ext | X9: Rsi | Y9: =INDEX(Library!$E$5:$E$34,$U$9) -> 0.13
B10: Type | C10: Material | D10: d m | E10: λ | F10: ρ | G10: c | H10: R m²K/W | I10: δ m | J10: x = d/δ | K10: z11 | L10: z12 | M10: z21 | N10: z22 | O10: P11 | P10: P12 | Q10: P21 | R10: P22 | S10: R part | T10: ρcd J/m²K
A11: Rsi | B11: res | H11: =$Y$9 -> 0.13 | I11: =IF(B11="mass",SQRT(E11*($B$5*3600)/(PI()*F11*G11)),0) -> 0 | J11: =IF(B11="mass",D11/I11,0) -> 0 | K11: =IF(B11="mass",COMPLEX(COSH(J11)*COS(J11),SINH(J11)*SIN(J11)),COMPLEX(1,0)) -> 1 | L11: =IF(B11="mass",COMPLEX(-I11/(2*E11)*(SINH(J11)*COS(J11)+COSH(J11)*SIN(J11)),-I11/(2*E11)*(COSH(J11)*SIN(J11)-SINH(J11)*COS(J11))),COMPLEX(-H11,0)) -> -0.13 | M11: =IF(B11="mass",COMPLEX(-E11/I11*(SINH(J11)*COS(J11)-COSH(J11)*SIN(J11)),-E11/I11*(SINH(J11)*COS(J11)+COSH(J11)*SIN(J11))),COMPLEX(0,0)) -> 0 | N11: =K11 -> 1 | O11: =K11 -> 1 | P11: =L11 -> -0.13 | Q11: =M11 -> 0 | R11: =N11 -> 1 | S11: =IF(B11="mass",D11/E11,H11) -> 0.13 | T11: =IF(B11="mass",F11*G11*D11,0) -> 0
A12: Layer 1 | B12: =IF(C12="","none",IF(C12="Cavity","res","mass")) -> mass | C12: =IF(INDEX(Library!$G$5:$G$34,$U$9)="","",INDEX(Library!$G$5:$G$34,$U$9)) -> plasterboard | D12: =IF(B12="mass",INDEX(Library!$H$5:$H$34,$U$9)/1000,0) -> 0.0125 | E12: =IF(B12="mass",INDEX(Materials!$B$5:$B$28,MATCH(C12,Materials!$A$5:$A$28,0)),0) -> 0.21 | F12: =IF(B12="mass",INDEX(Materials!$C$5:$C$28,MATCH(C12,Materials!$A$5:$A$28,0)),0) -> 700 | G12: =IF(B12="mass",INDEX(Materials!$D$5:$D$28,MATCH(C12,Materials!$A$5:$A$28,0)),0) -> 1000 | H12: =IF(B12="res",INDEX(Library!$H$5:$H$34,$U$9),0) -> 0 | I12: =IF(B12="mass",SQRT(E12*($B$5*3600)/(PI()*F12*G12)),0) -> 0.090832771 | J12: =IF(B12="mass",D12/I12,0) -> 0.13761553 | K12: =IF(B12="mass",COMPLEX(COSH(J12)*COS(J12),SINH(J12)*SIN(J12)),COMPLEX(1,0)) -> 0.999940225193105+0.0189379589504749i | L12: =IF(B12="mass",COMPLEX(-I12/(2*E12)*(SINH(J12)*COS(J12)+COSH(J12)*SIN(J12)),-I12/(2*E12)*(COSH(J12)*SIN(J12)-SINH(J12)*COS(J12))),COMPLEX(-H12,0)) -> -0.0595230979186955-0.000375754009423939i | M12: =IF(B12="mass",COMPLEX(-E12/I12*(SINH(J12)*COS(J12)-COSH(J12)*SIN(J12)),-E12/I12*(SINH(J12)*COS(J12)+COSH(J12)*SIN(J12))),COMPLEX(0,0)) -> 0.00401686359323574-0.636310349296785i | N12: =K12 -> 0.999940225193105+0.0189379589504749i | O12: =IMSUM(IMPRODUCT(K12,O11),IMPRODUCT(L12,Q11)) -> 0.999940225193105+0.0189379589504749i | P12: =IMSUM(IMPRODUCT(K12,P11),IMPRODUCT(L12,R11)) -> -0.1895153271938-0.00283768867298567i | Q12: =IMSUM(IMPRODUCT(M12,O11),IMPRODUCT(N12,Q11)) -> 0.00401686359323574-0.636310349296785i | R12: =IMSUM(IMPRODUCT(M12,P11),IMPRODUCT(N12,R11)) -> 0.999418032925984+0.101658304359057i | S12: =IF(B12="mass",D12/E12,H12) -> 0.05952381 | T12: =IF(B12="mass",F12*G12*D12,0) -> 8750
A13: Layer 2 | B13: =IF(C13="","none",IF(C13="Cavity","res","mass")) -> res | C13: =IF(INDEX(Library!$I$5:$I$34,$U$9)="","",INDEX(Library!$I$5:$I$34,$U$9)) -> Cavity | D13: =IF(B13="mass",INDEX(Library!$J$5:$J$34,$U$9)/1000,0) -> 0 | E13: =IF(B13="mass",INDEX(Materials!$B$5:$B$28,MATCH(C13,Materials!$A$5:$A$28,0)),0) -> 0 | F13: =IF(B13="mass",INDEX(Materials!$C$5:$C$28,MATCH(C13,Materials!$A$5:$A$28,0)),0) -> 0 | G13: =IF(B13="mass",INDEX(Materials!$D$5:$D$28,MATCH(C13,Materials!$A$5:$A$28,0)),0) -> 0 | H13: =IF(B13="res",INDEX(Library!$J$5:$J$34,$U$9),0) -> 0.1 | I13: =IF(B13="mass",SQRT(E13*($B$5*3600)/(PI()*F13*G13)),0) -> 0 | J13: =IF(B13="mass",D13/I13,0) -> 0 | K13: =IF(B13="mass",COMPLEX(COSH(J13)*COS(J13),SINH(J13)*SIN(J13)),COMPLEX(1,0)) -> 1 | L13: =IF(B13="mass",COMPLEX(-I13/(2*E13)*(SINH(J13)*COS(J13)+COSH(J13)*SIN(J13)),-I13/(2*E13)*(COSH(J13)*SIN(J13)-SINH(J13)*COS(J13))),COMPLEX(-H13,0)) -> -0.1 | M13: =IF(B13="mass",COMPLEX(-E13/I13*(SINH(J13)*COS(J13)-COSH(J13)*SIN(J13)),-E13/I13*(SINH(J13)*COS(J13)+COSH(J13)*SIN(J13))),COMPLEX(0,0)) -> 0 | N13: =K13 -> 1 | O13: =IMSUM(IMPRODUCT(K13,O12),IMPRODUCT(L13,Q12)) -> 0.999538538833782+0.0825689938801534i | P13: =IMSUM(IMPRODUCT(K13,P12),IMPRODUCT(L13,R12)) -> -0.289457130486398-0.0130035191088914i | Q13: =IMSUM(IMPRODUCT(M13,O12),IMPRODUCT(N13,Q12)) -> 0.00401686359323574-0.636310349296785i | R13: =IMSUM(IMPRODUCT(M13,P12),IMPRODUCT(N13,R12)) -> 0.999418032925984+0.101658304359057i | S13: =IF(B13="mass",D13/E13,H13) -> 0.1 | T13: =IF(B13="mass",F13*G13*D13,0) -> 0
A14: Layer 3 | B14: =IF(C14="","none",IF(C14="Cavity","res","mass")) -> mass | C14: =IF(INDEX(Library!$K$5:$K$34,$U$9)="","",INDEX(Library!$K$5:$K$34,$U$9)) -> dense block | D14: =IF(B14="mass",INDEX(Library!$L$5:$L$34,$U$9)/1000,0) -> 0.1 | E14: =IF(B14="mass",INDEX(Materials!$B$5:$B$28,MATCH(C14,Materials!$A$5:$A$28,0)),0) -> 1.13 | F14: =IF(B14="mass",INDEX(Materials!$C$5:$C$28,MATCH(C14,Materials!$A$5:$A$28,0)),0) -> 2000 | G14: =IF(B14="mass",INDEX(Materials!$D$5:$D$28,MATCH(C14,Materials!$A$5:$A$28,0)),0) -> 1000 | H14: =IF(B14="res",INDEX(Library!$L$5:$L$34,$U$9),0) -> 0 | I14: =IF(B14="mass",SQRT(E14*($B$5*3600)/(PI()*F14*G14)),0) -> 0.12465398 | J14: =IF(B14="mass",D14/I14,0) -> 0.80222066 | K14: =IF(B14="mass",COMPLEX(COSH(J14)*COS(J14),SINH(J14)*SIN(J14)),COMPLEX(1,0)) -> 0.931040246556561+0.640597397168838i | L14: =IF(B14="mass",COMPLEX(-I14/(2*E14)*(SINH(J14)*COS(J14)+COSH(J14)*SIN(J14)),-I14/(2*E14)*(COSH(J14)*SIN(J14)-SINH(J14)*COS(J14))),COMPLEX(-H14,0)) -> -0.0872745132646335-0.0189465784438884i | M14: =IF(B14="mass",COMPLEX(-E14/I14*(SINH(J14)*COS(J14)-COSH(J14)*SIN(J14)),-E14/I14*(SINH(J14)*COS(J14)+COSH(J14)*SIN(J14))),COMPLEX(0,0)) -> 3.11390498909631-14.3437266565329i | N14: =K14 -> 0.931040246556561+0.640597397168838i | O14: =IMSUM(IMPRODUCT(K14,O13),IMPRODUCT(L14,Q13)) -> 0.865310651309553+0.772634412965928i | P14: =IMSUM(IMPRODUCT(K14,P13),IMPRODUCT(L14,R13)) -> -0.346463862973921-0.225340015210106i | Q14: =IMSUM(IMPRODUCT(M14,O13),IMPRODUCT(N14,Q13)) -> 4.70817373661176-14.6698529338472i | R14: =IMSUM(IMPRODUCT(M14,P13),IMPRODUCT(N14,R13)) -> -0.222484559806568+4.84627479878324i | S14: =IF(B14="mass",D14/E14,H14) -> 0.088495575 | T14: =IF(B14="mass",F14*G14*D14,0) -> 200000
A15: Layer 4 | B15: =IF(C15="","none",IF(C15="Cavity","res","mass")) -> mass | C15: =IF(INDEX(Library!$M$5:$M$34,$U$9)="","",INDEX(Library!$M$5:$M$34,$U$9)) -> mineral wool | D15: =IF(B15="mass",INDEX(Library!$N$5:$N$34,$U$9)/1000,0) -> 0.15 | E15: =IF(B15="mass",INDEX(Materials!$B$5:$B$28,MATCH(C15,Materials!$A$5:$A$28,0)),0) -> 0.035 | F15: =IF(B15="mass",INDEX(Materials!$C$5:$C$28,MATCH(C15,Materials!$A$5:$A$28,0)),0) -> 30 | G15: =IF(B15="mass",INDEX(Materials!$D$5:$D$28,MATCH(C15,Materials!$A$5:$A$28,0)),0) -> 1030 | H15: =IF(B15="res",INDEX(Library!$N$5:$N$34,$U$9),0) -> 0 | I15: =IF(B15="mass",SQRT(E15*($B$5*3600)/(PI()*F15*G15)),0) -> 0.17649675 | J15: =IF(B15="mass",D15/I15,0) -> 0.849874 | K15: =IF(B15="mass",COMPLEX(COSH(J15)*COS(J15),SINH(J15)*SIN(J15)),COMPLEX(1,0)) -> 0.913158518565511+0.718100720020173i | L15: =IF(B15="mass",COMPLEX(-I15/(2*E15)*(SINH(J15)*COS(J15)+COSH(J15)*SIN(J15)),-I15/(2*E15)*(COSH(J15)*SIN(J15)-SINH(J15)*COS(J15))),COMPLEX(-H15,0)) -> -4.21123759620779-1.02927418634689i | M15: =IF(B15="mass",COMPLEX(-E15/I15*(SINH(J15)*COS(J15)-COSH(J15)*SIN(J15)),-E15/I15*(SINH(J15)*COS(J15)+COSH(J15)*SIN(J15))),COMPLEX(0,0)) -> 0.0809512819555347-0.331209202129424i | N15: =K15 -> 0.913158518565511+0.718100720020173i | O15: =IMSUM(IMPRODUCT(K15,O14),IMPRODUCT(L15,Q14)) -> -34.6912027272261+58.2591524116088i | P15: =IMSUM(IMPRODUCT(K15,P14),IMPRODUCT(L15,R14)) -> 5.7705212924862-20.634384123846i | Q15: =IMSUM(IMPRODUCT(M15,O14),IMPRODUCT(N15,Q14)) -> 15.1596925428287-10.2390113266067i | R15: =IMSUM(IMPRODUCT(M15,P14),IMPRODUCT(N15,R14)) -> -3.78595847396311+4.36216124974294i | S15: =IF(B15="mass",D15/E15,H15) -> 4.2857143 | T15: =IF(B15="mass",F15*G15*D15,0) -> 4635
A16: Layer 5 | B16: =IF(C16="","none",IF(C16="Cavity","res","mass")) -> mass | C16: =IF(INDEX(Library!$O$5:$O$34,$U$9)="","",INDEX(Library!$O$5:$O$34,$U$9)) -> brick | D16: =IF(B16="mass",INDEX(Library!$P$5:$P$34,$U$9)/1000,0) -> 0.102 | E16: =IF(B16="mass",INDEX(Materials!$B$5:$B$28,MATCH(C16,Materials!$A$5:$A$28,0)),0) -> 0.77 | F16: =IF(B16="mass",INDEX(Materials!$C$5:$C$28,MATCH(C16,Materials!$A$5:$A$28,0)),0) -> 1700 | G16: =IF(B16="mass",INDEX(Materials!$D$5:$D$28,MATCH(C16,Materials!$A$5:$A$28,0)),0) -> 800 | H16: =IF(B16="res",INDEX(Library!$P$5:$P$34,$U$9),0) -> 0 | I16: =IF(B16="mass",SQRT(E16*($B$5*3600)/(PI()*F16*G16)),0) -> 0.1247837 | J16: =IF(B16="mass",D16/I16,0) -> 0.81741448 | K16: =IF(B16="mass",COMPLEX(COSH(J16)*COS(J16),SINH(J16)*SIN(J16)),COMPLEX(1,0)) -> 0.925671349743335+0.664853161913343i | L16: =IF(B16="mass",COMPLEX(-I16/(2*E16)*(SINH(J16)*COS(J16)+COSH(J16)*SIN(J16)),-I16/(2*E16)*(COSH(J16)*SIN(J16)-SINH(J16)*COS(J16))),COMPLEX(-H16,0)) -> -0.130497374771535-0.0294407447988599i | M16: =IF(B16="mass",COMPLEX(-E16/I16*(SINH(J16)*COS(J16)-COSH(J16)*SIN(J16)),-E16/I16*(SINH(J16)*COS(J16)+COSH(J16)*SIN(J16))),COMPLEX(0,0)) -> 2.24204617217389-9.93796663719564i | N16: =K16 -> 0.925671349743335+0.664853161913343i | O16: =IMSUM(IMPRODUCT(K16,O15),IMPRODUCT(L16,Q15)) -> -73.1261783426225+31.7541238829791i | P16: =IMSUM(IMPRODUCT(K16,P15),IMPRODUCT(L16,R15)) -> 19.6829246803833-15.7218980300158i | Q16: =IMSUM(IMPRODUCT(M16,O15),IMPRODUCT(N16,Q15)) -> 522.038566808353+475.980735051902i | R16: =IMSUM(IMPRODUCT(M16,P15),IMPRODUCT(N16,R15)) -> -198.530795816927-102.089668794429i | S16: =IF(B16="mass",D16/E16,H16) -> 0.13246753 | T16: =IF(B16="mass",F16*G16*D16,0) -> 138720
A17: Layer 6 | B17: =IF(C17="","none",IF(C17="Cavity","res","mass")) -> none | C17: =IF(INDEX(Library!$Q$5:$Q$34,$U$9)="","",INDEX(Library!$Q$5:$Q$34,$U$9)) | D17: =IF(B17="mass",INDEX(Library!$R$5:$R$34,$U$9)/1000,0) -> 0 | E17: =IF(B17="mass",INDEX(Materials!$B$5:$B$28,MATCH(C17,Materials!$A$5:$A$28,0)),0) -> 0 | F17: =IF(B17="mass",INDEX(Materials!$C$5:$C$28,MATCH(C17,Materials!$A$5:$A$28,0)),0) -> 0 | G17: =IF(B17="mass",INDEX(Materials!$D$5:$D$28,MATCH(C17,Materials!$A$5:$A$28,0)),0) -> 0 | H17: =IF(B17="res",INDEX(Library!$R$5:$R$34,$U$9),0) -> 0 | I17: =IF(B17="mass",SQRT(E17*($B$5*3600)/(PI()*F17*G17)),0) -> 0 | J17: =IF(B17="mass",D17/I17,0) -> 0 | K17: =IF(B17="mass",COMPLEX(COSH(J17)*COS(J17),SINH(J17)*SIN(J17)),COMPLEX(1,0)) -> 1 | L17: =IF(B17="mass",COMPLEX(-I17/(2*E17)*(SINH(J17)*COS(J17)+COSH(J17)*SIN(J17)),-I17/(2*E17)*(COSH(J17)*SIN(J17)-SINH(J17)*COS(J17))),COMPLEX(-H17,0)) -> -0 | M17: =IF(B17="mass",COMPLEX(-E17/I17*(SINH(J17)*COS(J17)-COSH(J17)*SIN(J17)),-E17/I17*(SINH(J17)*COS(J17)+COSH(J17)*SIN(J17))),COMPLEX(0,0)) -> 0 | N17: =K17 -> 1 | O17: =IMSUM(IMPRODUCT(K17,O16),IMPRODUCT(L17,Q16)) -> -73.1261783426225+31.7541238829791i | P17: =IMSUM(IMPRODUCT(K17,P16),IMPRODUCT(L17,R16)) -> 19.6829246803833-15.7218980300158i | Q17: =IMSUM(IMPRODUCT(M17,O16),IMPRODUCT(N17,Q16)) -> 522.038566808353+475.980735051902i | R17: =IMSUM(IMPRODUCT(M17,P16),IMPRODUCT(N17,R16)) -> -198.530795816927-102.089668794429i | S17: =IF(B17="mass",D17/E17,H17) -> 0 | T17: =IF(B17="mass",F17*G17*D17,0) -> 0
A18: Layer 7 | B18: =IF(C18="","none",IF(C18="Cavity","res","mass")) -> none | C18: =IF(INDEX(Library!$S$5:$S$34,$U$9)="","",INDEX(Library!$S$5:$S$34,$U$9)) | D18: =IF(B18="mass",INDEX(Library!$T$5:$T$34,$U$9)/1000,0) -> 0 | E18: =IF(B18="mass",INDEX(Materials!$B$5:$B$28,MATCH(C18,Materials!$A$5:$A$28,0)),0) -> 0 | F18: =IF(B18="mass",INDEX(Materials!$C$5:$C$28,MATCH(C18,Materials!$A$5:$A$28,0)),0) -> 0 | G18: =IF(B18="mass",INDEX(Materials!$D$5:$D$28,MATCH(C18,Materials!$A$5:$A$28,0)),0) -> 0 | H18: =IF(B18="res",INDEX(Library!$T$5:$T$34,$U$9),0) -> 0 | I18: =IF(B18="mass",SQRT(E18*($B$5*3600)/(PI()*F18*G18)),0) -> 0 | J18: =IF(B18="mass",D18/I18,0) -> 0 | K18: =IF(B18="mass",COMPLEX(COSH(J18)*COS(J18),SINH(J18)*SIN(J18)),COMPLEX(1,0)) -> 1 | L18: =IF(B18="mass",COMPLEX(-I18/(2*E18)*(SINH(J18)*COS(J18)+COSH(J18)*SIN(J18)),-I18/(2*E18)*(COSH(J18)*SIN(J18)-SINH(J18)*COS(J18))),COMPLEX(-H18,0)) -> -0 | M18: =IF(B18="mass",COMPLEX(-E18/I18*(SINH(J18)*COS(J18)-COSH(J18)*SIN(J18)),-E18/I18*(SINH(J18)*COS(J18)+COSH(J18)*SIN(J18))),COMPLEX(0,0)) -> 0 | N18: =K18 -> 1 | O18: =IMSUM(IMPRODUCT(K18,O17),IMPRODUCT(L18,Q17)) -> -73.1261783426225+31.7541238829791i | P18: =IMSUM(IMPRODUCT(K18,P17),IMPRODUCT(L18,R17)) -> 19.6829246803833-15.7218980300158i | Q18: =IMSUM(IMPRODUCT(M18,O17),IMPRODUCT(N18,Q17)) -> 522.038566808353+475.980735051902i | R18: =IMSUM(IMPRODUCT(M18,P17),IMPRODUCT(N18,R17)) -> -198.530795816927-102.089668794429i | S18: =IF(B18="mass",D18/E18,H18) -> 0 | T18: =IF(B18="mass",F18*G18*D18,0) -> 0
A19: Layer 8 | B19: =IF(C19="","none",IF(C19="Cavity","res","mass")) -> none | C19: =IF(INDEX(Library!$U$5:$U$34,$U$9)="","",INDEX(Library!$U$5:$U$34,$U$9)) | D19: =IF(B19="mass",INDEX(Library!$V$5:$V$34,$U$9)/1000,0) -> 0 | E19: =IF(B19="mass",INDEX(Materials!$B$5:$B$28,MATCH(C19,Materials!$A$5:$A$28,0)),0) -> 0 | F19: =IF(B19="mass",INDEX(Materials!$C$5:$C$28,MATCH(C19,Materials!$A$5:$A$28,0)),0) -> 0 | G19: =IF(B19="mass",INDEX(Materials!$D$5:$D$28,MATCH(C19,Materials!$A$5:$A$28,0)),0) -> 0 | H19: =IF(B19="res",INDEX(Library!$V$5:$V$34,$U$9),0) -> 0 | I19: =IF(B19="mass",SQRT(E19*($B$5*3600)/(PI()*F19*G19)),0) -> 0 | J19: =IF(B19="mass",D19/I19,0) -> 0 | K19: =IF(B19="mass",COMPLEX(COSH(J19)*COS(J19),SINH(J19)*SIN(J19)),COMPLEX(1,0)) -> 1 | L19: =IF(B19="mass",COMPLEX(-I19/(2*E19)*(SINH(J19)*COS(J19)+COSH(J19)*SIN(J19)),-I19/(2*E19)*(COSH(J19)*SIN(J19)-SINH(J19)*COS(J19))),COMPLEX(-H19,0)) -> -0 | M19: =IF(B19="mass",COMPLEX(-E19/I19*(SINH(J19)*COS(J19)-COSH(J19)*SIN(J19)),-E19/I19*(SINH(J19)*COS(J19)+COSH(J19)*SIN(J19))),COMPLEX(0,0)) -> 0 | N19: =K19 -> 1 | O19: =IMSUM(IMPRODUCT(K19,O18),IMPRODUCT(L19,Q18)) -> -73.1261783426225+31.7541238829791i | P19: =IMSUM(IMPRODUCT(K19,P18),IMPRODUCT(L19,R18)) -> 19.6829246803833-15.7218980300158i | Q19: =IMSUM(IMPRODUCT(M19,O18),IMPRODUCT(N19,Q18)) -> 522.038566808353+475.980735051902i | R19: =IMSUM(IMPRODUCT(M19,P18),IMPRODUCT(N19,R18)) -> -198.530795816927-102.089668794429i | S19: =IF(B19="mass",D19/E19,H19) -> 0 | T19: =IF(B19="mass",F19*G19*D19,0) -> 0
A20: Far-side layer | B20: =IF($W$9="ground","mass",IF($W$9="adiabatic","res","none")) -> none | C20: =IF($W$9="ground","clay soil","") | D20: =IF(B20="mass",1,0) -> 0 | E20: =IF(B20="mass",INDEX(Materials!$B$5:$B$28,MATCH(C20,Materials!$A$5:$A$28,0)),0) -> 0 | F20: =IF(B20="mass",INDEX(Materials!$C$5:$C$28,MATCH(C20,Materials!$A$5:$A$28,0)),0) -> 0 | G20: =IF(B20="mass",INDEX(Materials!$D$5:$D$28,MATCH(C20,Materials!$A$5:$A$28,0)),0) -> 0 | H20: =IF(B20="res",1000000,0) -> 0 | I20: =IF(B20="mass",SQRT(E20*($B$5*3600)/(PI()*F20*G20)),0) -> 0 | J20: =IF(B20="mass",D20/I20,0) -> 0 | K20: =IF(B20="mass",COMPLEX(COSH(J20)*COS(J20),SINH(J20)*SIN(J20)),COMPLEX(1,0)) -> 1 | L20: =IF(B20="mass",COMPLEX(-I20/(2*E20)*(SINH(J20)*COS(J20)+COSH(J20)*SIN(J20)),-I20/(2*E20)*(COSH(J20)*SIN(J20)-SINH(J20)*COS(J20))),COMPLEX(-H20,0)) -> -0 | M20: =IF(B20="mass",COMPLEX(-E20/I20*(SINH(J20)*COS(J20)-COSH(J20)*SIN(J20)),-E20/I20*(SINH(J20)*COS(J20)+COSH(J20)*SIN(J20))),COMPLEX(0,0)) -> 0 | N20: =K20 -> 1 | O20: =IMSUM(IMPRODUCT(K20,O19),IMPRODUCT(L20,Q19)) -> -73.1261783426225+31.7541238829791i | P20: =IMSUM(IMPRODUCT(K20,P19),IMPRODUCT(L20,R19)) -> 19.6829246803833-15.7218980300158i | Q20: =IMSUM(IMPRODUCT(M20,O19),IMPRODUCT(N20,Q19)) -> 522.038566808353+475.980735051902i | R20: =IMSUM(IMPRODUCT(M20,P19),IMPRODUCT(N20,R19)) -> -198.530795816927-102.089668794429i | S20: =IF(B20="mass",D20/E20,H20) -> 0 | T20: =IF(B20="mass",F20*G20*D20,0) -> 0
A21: Rse | B21: res | H21: =IF($W$9="ext",0.04,IF($W$9="room",$Y$9,0)) -> 0.04 | I21: =IF(B21="mass",SQRT(E21*($B$5*3600)/(PI()*F21*G21)),0) -> 0 | J21: =IF(B21="mass",D21/I21,0) -> 0 | K21: =IF(B21="mass",COMPLEX(COSH(J21)*COS(J21),SINH(J21)*SIN(J21)),COMPLEX(1,0)) -> 1 | L21: =IF(B21="mass",COMPLEX(-I21/(2*E21)*(SINH(J21)*COS(J21)+COSH(J21)*SIN(J21)),-I21/(2*E21)*(COSH(J21)*SIN(J21)-SINH(J21)*COS(J21))),COMPLEX(-H21,0)) -> -0.04 | M21: =IF(B21="mass",COMPLEX(-E21/I21*(SINH(J21)*COS(J21)-COSH(J21)*SIN(J21)),-E21/I21*(SINH(J21)*COS(J21)+COSH(J21)*SIN(J21))),COMPLEX(0,0)) -> 0 | N21: =K21 -> 1 | O21: =IMSUM(IMPRODUCT(K21,O20),IMPRODUCT(L21,Q20)) -> -94.0077210149566+12.714894480903i | P21: =IMSUM(IMPRODUCT(K21,P20),IMPRODUCT(L21,R20)) -> 27.6241565130604-11.6383112782386i | Q21: =IMSUM(IMPRODUCT(M21,O20),IMPRODUCT(N21,Q20)) -> 522.038566808353+475.980735051902i | R21: =IMSUM(IMPRODUCT(M21,P20),IMPRODUCT(N21,R20)) -> -198.530795816927-102.089668794429i | S21: =IF(B21="mass",D21/E21,H21) -> 0.04 | T21: =IF(B21="mass",F21*G21*D21,0) -> 0
A22: U W/m²K | B22: =IF(OR($W$9="ext",$W$9="ground"),1/SUM(S11:S21),"–") -> 0.20677386 | C22: |Y| W/m²K | D22: =IMABS(IMDIV(IMPRODUCT(O21,COMPLEX(-1,0)),P21)) -> 3.1646834 | E22: Y lead h | F22: =IMARGUMENT(IMDIV(IMPRODUCT(O21,COMPLEX(-1,0)),P21))*$B$5/(2*PI()) -> 1.009561 | G22: f | H22: =IF($W$9="ext",IMABS(IMDIV(COMPLEX(-1,0),P21))*SUM(S11:S21),"–") -> 0.16133724 | I22: lag h | J22: =IF($W$9="ext",MOD(-IMARGUMENT(IMDIV(COMPLEX(-1,0),P21))*$B$5/(2*PI()),24),"–") -> 10.476924 | K22: κ₁ kJ/m²K | L22: =($B$5*3600)/(2*PI())*IMABS(IMDIV(IMSUB(O21,COMPLEX(1,0)),P21))/1000 -> 43.972162 | M22: κ total kJ/m²K | N22: =SUM(T12:T19)/1000 -> 352.105 | O22: Rc m²K/W | P22: =SUM(S12:S19) -> 4.6662012
A25: Five-node chain for the chosen class
B26: Kind | C26: R or C | K26: z11 | L26: z12 | M26: z21 | N26: z22 | O26: P11 | P26: P12 | Q26: P21 | R26: P22
A27: Rsi | B27: res | C27: =$Y$9 -> 0.13 | K27: =COMPLEX(1,0) -> 1 | L27: =COMPLEX(-C27,0) -> -0.13 | M27: =COMPLEX(0,0) -> 0 | N27: =COMPLEX(1,0) -> 1 | O27: =K27 -> 1 | P27: =L27 -> -0.13 | Q27: =M27 -> 0 | R27: =N27 -> 1
A28: node 5 (room side) | B28: cap | C28: =INDEX(Classes!$B$5:$F$9,MATCH($C$6,Classes!$A$5:$A$9,0),5)*(N22*1000) -> 176052.5 | K28: =COMPLEX(1,0) -> 1 | L28: =COMPLEX(0,0) -> 0 | M28: =COMPLEX(0,-(2*PI()/($B$5*3600))*C28) -> -12.8028990890305i | N28: =COMPLEX(1,0) -> 1 | O28: =IMSUM(IMPRODUCT(K28,O27),IMPRODUCT(L28,Q27)) -> 1 | P28: =IMSUM(IMPRODUCT(K28,P27),IMPRODUCT(L28,R27)) -> -0.13 | Q28: =IMSUM(IMPRODUCT(M28,O27),IMPRODUCT(N28,Q27)) -> -12.8028990890305i | R28: =IMSUM(IMPRODUCT(M28,P27),IMPRODUCT(N28,R27)) -> 1+1.66437688157397i
A29: 6/Rc | B29: res | C29: =P22/6 -> 0.7777002 | K29: =COMPLEX(1,0) -> 1 | L29: =COMPLEX(-C29,0) -> -0.777700200487811 | M29: =COMPLEX(0,0) -> 0 | N29: =COMPLEX(1,0) -> 1 | O29: =IMSUM(IMPRODUCT(K29,O28),IMPRODUCT(L29,Q28)) -> 1+9.95681718836423i | P29: =IMSUM(IMPRODUCT(K29,P28),IMPRODUCT(L29,R28)) -> -0.907700200487811-1.29438623448735i | Q29: =IMSUM(IMPRODUCT(M29,O28),IMPRODUCT(N29,Q28)) -> -12.8028990890305i | R29: =IMSUM(IMPRODUCT(M29,P28),IMPRODUCT(N29,R28)) -> 1+1.66437688157397i
A30: node 4 | B30: cap | C30: =INDEX(Classes!$B$5:$F$9,MATCH($C$6,Classes!$A$5:$A$9,0),4)*(N22*1000) -> 0 | K30: =COMPLEX(1,0) -> 1 | L30: =COMPLEX(0,0) -> 0 | M30: =COMPLEX(0,-(2*PI()/($B$5*3600))*C30) -> 0 | N30: =COMPLEX(1,0) -> 1 | O30: =IMSUM(IMPRODUCT(K30,O29),IMPRODUCT(L30,Q29)) -> 1+9.95681718836423i | P30: =IMSUM(IMPRODUCT(K30,P29),IMPRODUCT(L30,R29)) -> -0.907700200487811-1.29438623448735i | Q30: =IMSUM(IMPRODUCT(M30,O29),IMPRODUCT(N30,Q29)) -> -12.8028990890305i | R30: =IMSUM(IMPRODUCT(M30,P29),IMPRODUCT(N30,R29)) -> 1+1.66437688157397i
A31: 3/Rc | B31: res | C31: =P22/3 -> 1.5554004 | K31: =COMPLEX(1,0) -> 1 | L31: =COMPLEX(-C31,0) -> -1.55540040097562 | M31: =COMPLEX(0,0) -> 0 | N31: =COMPLEX(1,0) -> 1 | O31: =IMSUM(IMPRODUCT(K31,O30),IMPRODUCT(L31,Q30)) -> 1+29.8704515650926i | P31: =IMSUM(IMPRODUCT(K31,P30),IMPRODUCT(L31,R30)) -> -2.46310060146343-3.88315870346205i | Q31: =IMSUM(IMPRODUCT(M31,O30),IMPRODUCT(N31,Q30)) -> -12.8028990890305i | R31: =IMSUM(IMPRODUCT(M31,P30),IMPRODUCT(N31,R30)) -> 1+1.66437688157397i
A32: node 3 | B32: cap | C32: =INDEX(Classes!$B$5:$F$9,MATCH($C$6,Classes!$A$5:$A$9,0),3)*(N22*1000) -> 0 | K32: =COMPLEX(1,0) -> 1 | L32: =COMPLEX(0,0) -> 0 | M32: =COMPLEX(0,-(2*PI()/($B$5*3600))*C32) -> 0 | N32: =COMPLEX(1,0) -> 1 | O32: =IMSUM(IMPRODUCT(K32,O31),IMPRODUCT(L32,Q31)) -> 1+29.8704515650926i | P32: =IMSUM(IMPRODUCT(K32,P31),IMPRODUCT(L32,R31)) -> -2.46310060146343-3.88315870346205i | Q32: =IMSUM(IMPRODUCT(M32,O31),IMPRODUCT(N32,Q31)) -> -12.8028990890305i | R32: =IMSUM(IMPRODUCT(M32,P31),IMPRODUCT(N32,R31)) -> 1+1.66437688157397i
A33: 3/Rc | B33: res | C33: =P22/3 -> 1.5554004 | K33: =COMPLEX(1,0) -> 1 | L33: =COMPLEX(-C33,0) -> -1.55540040097562 | M33: =COMPLEX(0,0) -> 0 | N33: =COMPLEX(1,0) -> 1 | O33: =IMSUM(IMPRODUCT(K33,O32),IMPRODUCT(L33,Q32)) -> 1+49.784085941821i | P33: =IMSUM(IMPRODUCT(K33,P32),IMPRODUCT(L33,R32)) -> -4.01850100243905-6.47193117243675i | Q33: =IMSUM(IMPRODUCT(M33,O32),IMPRODUCT(N33,Q32)) -> -12.8028990890305i | R33: =IMSUM(IMPRODUCT(M33,P32),IMPRODUCT(N33,R32)) -> 1+1.66437688157397i
A34: node 2 | B34: cap | C34: =INDEX(Classes!$B$5:$F$9,MATCH($C$6,Classes!$A$5:$A$9,0),2)*(N22*1000) -> 0 | K34: =COMPLEX(1,0) -> 1 | L34: =COMPLEX(0,0) -> 0 | M34: =COMPLEX(0,-(2*PI()/($B$5*3600))*C34) -> 0 | N34: =COMPLEX(1,0) -> 1 | O34: =IMSUM(IMPRODUCT(K34,O33),IMPRODUCT(L34,Q33)) -> 1+49.784085941821i | P34: =IMSUM(IMPRODUCT(K34,P33),IMPRODUCT(L34,R33)) -> -4.01850100243905-6.47193117243675i | Q34: =IMSUM(IMPRODUCT(M34,O33),IMPRODUCT(N34,Q33)) -> -12.8028990890305i | R34: =IMSUM(IMPRODUCT(M34,P33),IMPRODUCT(N34,R33)) -> 1+1.66437688157397i
A35: 6/Rc | B35: res | C35: =P22/6 -> 0.7777002 | K35: =COMPLEX(1,0) -> 1 | L35: =COMPLEX(-C35,0) -> -0.777700200487811 | M35: =COMPLEX(0,0) -> 0 | N35: =COMPLEX(1,0) -> 1 | O35: =IMSUM(IMPRODUCT(K35,O34),IMPRODUCT(L35,Q34)) -> 1+59.7409031301852i | P35: =IMSUM(IMPRODUCT(K35,P34),IMPRODUCT(L35,R34)) -> -4.79620120292686-7.7663174069241i | Q35: =IMSUM(IMPRODUCT(M35,O34),IMPRODUCT(N35,Q34)) -> -12.8028990890305i | R35: =IMSUM(IMPRODUCT(M35,P34),IMPRODUCT(N35,R34)) -> 1+1.66437688157397i
A36: node 1 (outer) | B36: cap | C36: =INDEX(Classes!$B$5:$F$9,MATCH($C$6,Classes!$A$5:$A$9,0),1)*(N22*1000) -> 176052.5 | K36: =COMPLEX(1,0) -> 1 | L36: =COMPLEX(0,0) -> 0 | M36: =COMPLEX(0,-(2*PI()/($B$5*3600))*C36) -> -12.8028990890305i | N36: =COMPLEX(1,0) -> 1 | O36: =IMSUM(IMPRODUCT(K36,O35),IMPRODUCT(L36,Q35)) -> 1+59.7409031301852i | P36: =IMSUM(IMPRODUCT(K36,P35),IMPRODUCT(L36,R35)) -> -4.79620120292686-7.7663174069241i | Q36: =IMSUM(IMPRODUCT(M36,O35),IMPRODUCT(N36,Q35)) -> 764.856754263307-25.605798178061i | R36: =IMSUM(IMPRODUCT(M36,P35),IMPRODUCT(N36,R35)) -> -98.4313780542303+63.0696568933333i
A37: far-side layer | B37: as ISO | K37: =K20 -> 1 | L37: =L20 -> -0 | M37: =M20 -> 0 | N37: =N20 -> 1 | O37: =IMSUM(IMPRODUCT(K37,O36),IMPRODUCT(L37,Q36)) -> 1+59.7409031301852i | P37: =IMSUM(IMPRODUCT(K37,P36),IMPRODUCT(L37,R36)) -> -4.79620120292686-7.7663174069241i | Q37: =IMSUM(IMPRODUCT(M37,O36),IMPRODUCT(N37,Q36)) -> 764.856754263307-25.605798178061i | R37: =IMSUM(IMPRODUCT(M37,P36),IMPRODUCT(N37,R36)) -> -98.4313780542303+63.0696568933333i
A38: Rse | B38: as ISO | K38: =K21 -> 1 | L38: =L21 -> -0.04 | M38: =M21 -> 0 | N38: =N21 -> 1 | O38: =IMSUM(IMPRODUCT(K38,O37),IMPRODUCT(L38,Q37)) -> -29.5942701705323+60.7651350573076i | P38: =IMSUM(IMPRODUCT(K38,P37),IMPRODUCT(L38,R37)) -> -0.85894608075765-10.2891036826574i | Q38: =IMSUM(IMPRODUCT(M38,O37),IMPRODUCT(N38,Q37)) -> 764.856754263307-25.605798178061i | R38: =IMSUM(IMPRODUCT(M38,P37),IMPRODUCT(N38,R37)) -> -98.4313780542303+63.0696568933333i
A39: |Y| five-node W/m²K | B39: =IMABS(IMDIV(IMPRODUCT(O38,COMPLEX(-1,0)),P38)) -> 6.546181
A41: Five-node |Y| by class, same period
A42: Class | B42: |Y| W/m²K | C42: ÷ ISO
A43: I | B43: =B65 -> 7.3502914 | C43: =B43/D22 -> 2.3225992
A44: E | B44: =B82 -> 0.20765137 | C44: =B44/D22 -> 0.065615212
A45: IE | B45: =B99 -> 6.546181 | C45: =B45/D22 -> 2.0685105
A46: D | B46: =B116 -> 2.9363547 | C46: =B46/D22 -> 0.92785101
A47: M | B47: =B133 -> 0.40583551 | C47: =B47/D22 -> 0.1282389
A48: ISO 13786 | B48: =D22 -> 3.1646834
A51: Five-node chain, class I
B52: Kind | C52: R or C | K52: z11 | L52: z12 | M52: z21 | N52: z22 | O52: P11 | P52: P12 | Q52: P21 | R52: P22
A53: Rsi | B53: res | C53: =$Y$9 -> 0.13 | K53: =COMPLEX(1,0) -> 1 | L53: =COMPLEX(-C53,0) -> -0.13 | M53: =COMPLEX(0,0) -> 0 | N53: =COMPLEX(1,0) -> 1 | O53: =K53 -> 1 | P53: =L53 -> -0.13 | Q53: =M53 -> 0 | R53: =N53 -> 1
A54: node 5 (room side) | B54: cap | C54: =INDEX(Classes!$B$5:$F$9,MATCH("I",Classes!$A$5:$A$9,0),5)*(N22*1000) -> 352105 | K54: =COMPLEX(1,0) -> 1 | L54: =COMPLEX(0,0) -> 0 | M54: =COMPLEX(0,-(2*PI()/($B$5*3600))*C54) -> -25.605798178061i | N54: =COMPLEX(1,0) -> 1 | O54: =IMSUM(IMPRODUCT(K54,O53),IMPRODUCT(L54,Q53)) -> 1 | P54: =IMSUM(IMPRODUCT(K54,P53),IMPRODUCT(L54,R53)) -> -0.13 | Q54: =IMSUM(IMPRODUCT(M54,O53),IMPRODUCT(N54,Q53)) -> -25.605798178061i | R54: =IMSUM(IMPRODUCT(M54,P53),IMPRODUCT(N54,R53)) -> 1+3.32875376314793i
A55: 6/Rc | B55: res | C55: =P22/6 -> 0.7777002 | K55: =COMPLEX(1,0) -> 1 | L55: =COMPLEX(-C55,0) -> -0.777700200487811 | M55: =COMPLEX(0,0) -> 0 | N55: =COMPLEX(1,0) -> 1 | O55: =IMSUM(IMPRODUCT(K55,O54),IMPRODUCT(L55,Q54)) -> 1+19.9136343767285i | P55: =IMSUM(IMPRODUCT(K55,P54),IMPRODUCT(L55,R54)) -> -0.907700200487811-2.5887724689747i | Q55: =IMSUM(IMPRODUCT(M55,O54),IMPRODUCT(N55,Q54)) -> -25.605798178061i | R55: =IMSUM(IMPRODUCT(M55,P54),IMPRODUCT(N55,R54)) -> 1+3.32875376314793i
A56: node 4 | B56: cap | C56: =INDEX(Classes!$B$5:$F$9,MATCH("I",Classes!$A$5:$A$9,0),4)*(N22*1000) -> 0 | K56: =COMPLEX(1,0) -> 1 | L56: =COMPLEX(0,0) -> 0 | M56: =COMPLEX(0,-(2*PI()/($B$5*3600))*C56) -> 0 | N56: =COMPLEX(1,0) -> 1 | O56: =IMSUM(IMPRODUCT(K56,O55),IMPRODUCT(L56,Q55)) -> 1+19.9136343767285i | P56: =IMSUM(IMPRODUCT(K56,P55),IMPRODUCT(L56,R55)) -> -0.907700200487811-2.5887724689747i | Q56: =IMSUM(IMPRODUCT(M56,O55),IMPRODUCT(N56,Q55)) -> -25.605798178061i | R56: =IMSUM(IMPRODUCT(M56,P55),IMPRODUCT(N56,R55)) -> 1+3.32875376314793i
A57: 3/Rc | B57: res | C57: =P22/3 -> 1.5554004 | K57: =COMPLEX(1,0) -> 1 | L57: =COMPLEX(-C57,0) -> -1.55540040097562 | M57: =COMPLEX(0,0) -> 0 | N57: =COMPLEX(1,0) -> 1 | O57: =IMSUM(IMPRODUCT(K57,O56),IMPRODUCT(L57,Q56)) -> 1+59.7409031301854i | P57: =IMSUM(IMPRODUCT(K57,P56),IMPRODUCT(L57,R56)) -> -2.46310060146343-7.76631740692409i | Q57: =IMSUM(IMPRODUCT(M57,O56),IMPRODUCT(N57,Q56)) -> -25.605798178061i | R57: =IMSUM(IMPRODUCT(M57,P56),IMPRODUCT(N57,R56)) -> 1+3.32875376314793i
A58: node 3 | B58: cap | C58: =INDEX(Classes!$B$5:$F$9,MATCH("I",Classes!$A$5:$A$9,0),3)*(N22*1000) -> 0 | K58: =COMPLEX(1,0) -> 1 | L58: =COMPLEX(0,0) -> 0 | M58: =COMPLEX(0,-(2*PI()/($B$5*3600))*C58) -> 0 | N58: =COMPLEX(1,0) -> 1 | O58: =IMSUM(IMPRODUCT(K58,O57),IMPRODUCT(L58,Q57)) -> 1+59.7409031301854i | P58: =IMSUM(IMPRODUCT(K58,P57),IMPRODUCT(L58,R57)) -> -2.46310060146343-7.76631740692409i | Q58: =IMSUM(IMPRODUCT(M58,O57),IMPRODUCT(N58,Q57)) -> -25.605798178061i | R58: =IMSUM(IMPRODUCT(M58,P57),IMPRODUCT(N58,R57)) -> 1+3.32875376314793i
A59: 3/Rc | B59: res | C59: =P22/3 -> 1.5554004 | K59: =COMPLEX(1,0) -> 1 | L59: =COMPLEX(-C59,0) -> -1.55540040097562 | M59: =COMPLEX(0,0) -> 0 | N59: =COMPLEX(1,0) -> 1 | O59: =IMSUM(IMPRODUCT(K59,O58),IMPRODUCT(L59,Q58)) -> 1+99.5681718836423i | P59: =IMSUM(IMPRODUCT(K59,P58),IMPRODUCT(L59,R58)) -> -4.01850100243905-12.9438623448735i | Q59: =IMSUM(IMPRODUCT(M59,O58),IMPRODUCT(N59,Q58)) -> -25.605798178061i | R59: =IMSUM(IMPRODUCT(M59,P58),IMPRODUCT(N59,R58)) -> 1+3.32875376314793i
A60: node 2 | B60: cap | C60: =INDEX(Classes!$B$5:$F$9,MATCH("I",Classes!$A$5:$A$9,0),2)*(N22*1000) -> 0 | K60: =COMPLEX(1,0) -> 1 | L60: =COMPLEX(0,0) -> 0 | M60: =COMPLEX(0,-(2*PI()/($B$5*3600))*C60) -> 0 | N60: =COMPLEX(1,0) -> 1 | O60: =IMSUM(IMPRODUCT(K60,O59),IMPRODUCT(L60,Q59)) -> 1+99.5681718836423i | P60: =IMSUM(IMPRODUCT(K60,P59),IMPRODUCT(L60,R59)) -> -4.01850100243905-12.9438623448735i | Q60: =IMSUM(IMPRODUCT(M60,O59),IMPRODUCT(N60,Q59)) -> -25.605798178061i | R60: =IMSUM(IMPRODUCT(M60,P59),IMPRODUCT(N60,R59)) -> 1+3.32875376314793i
A61: 6/Rc | B61: res | C61: =P22/6 -> 0.7777002 | K61: =COMPLEX(1,0) -> 1 | L61: =COMPLEX(-C61,0) -> -0.777700200487811 | M61: =COMPLEX(0,0) -> 0 | N61: =COMPLEX(1,0) -> 1 | O61: =IMSUM(IMPRODUCT(K61,O60),IMPRODUCT(L61,Q60)) -> 1+119.481806260371i | P61: =IMSUM(IMPRODUCT(K61,P60),IMPRODUCT(L61,R60)) -> -4.79620120292686-15.5326348138482i | Q61: =IMSUM(IMPRODUCT(M61,O60),IMPRODUCT(N61,Q60)) -> -25.605798178061i | R61: =IMSUM(IMPRODUCT(M61,P60),IMPRODUCT(N61,R60)) -> 1+3.32875376314793i
A62: node 1 (outer) | B62: cap | C62: =INDEX(Classes!$B$5:$F$9,MATCH("I",Classes!$A$5:$A$9,0),1)*(N22*1000) -> 0 | K62: =COMPLEX(1,0) -> 1 | L62: =COMPLEX(0,0) -> 0 | M62: =COMPLEX(0,-(2*PI()/($B$5*3600))*C62) -> 0 | N62: =COMPLEX(1,0) -> 1 | O62: =IMSUM(IMPRODUCT(K62,O61),IMPRODUCT(L62,Q61)) -> 1+119.481806260371i | P62: =IMSUM(IMPRODUCT(K62,P61),IMPRODUCT(L62,R61)) -> -4.79620120292686-15.5326348138482i | Q62: =IMSUM(IMPRODUCT(M62,O61),IMPRODUCT(N62,Q61)) -> -25.605798178061i | R62: =IMSUM(IMPRODUCT(M62,P61),IMPRODUCT(N62,R61)) -> 1+3.32875376314793i
A63: far-side layer | B63: as ISO | K63: =K20 -> 1 | L63: =L20 -> -0 | M63: =M20 -> 0 | N63: =N20 -> 1 | O63: =IMSUM(IMPRODUCT(K63,O62),IMPRODUCT(L63,Q62)) -> 1+119.481806260371i | P63: =IMSUM(IMPRODUCT(K63,P62),IMPRODUCT(L63,R62)) -> -4.79620120292686-15.5326348138482i | Q63: =IMSUM(IMPRODUCT(M63,O62),IMPRODUCT(N63,Q62)) -> -25.605798178061i | R63: =IMSUM(IMPRODUCT(M63,P62),IMPRODUCT(N63,R62)) -> 1+3.32875376314793i
A64: Rse | B64: as ISO | K64: =K21 -> 1 | L64: =L21 -> -0.04 | M64: =M21 -> 0 | N64: =N21 -> 1 | O64: =IMSUM(IMPRODUCT(K64,O63),IMPRODUCT(L64,Q63)) -> 1+120.506038187493i | P64: =IMSUM(IMPRODUCT(K64,P63),IMPRODUCT(L64,R63)) -> -4.83620120292686-15.6657849643741i | Q64: =IMSUM(IMPRODUCT(M64,O63),IMPRODUCT(N64,Q63)) -> -25.605798178061i | R64: =IMSUM(IMPRODUCT(M64,P63),IMPRODUCT(N64,R63)) -> 1+3.32875376314793i
A65: |Y| five-node W/m²K | B65: =IMABS(IMDIV(IMPRODUCT(O64,COMPLEX(-1,0)),P64)) -> 7.3502914
A68: Five-node chain, class E
B69: Kind | C69: R or C | K69: z11 | L69: z12 | M69: z21 | N69: z22 | O69: P11 | P69: P12 | Q69: P21 | R69: P22
A70: Rsi | B70: res | C70: =$Y$9 -> 0.13 | K70: =COMPLEX(1,0) -> 1 | L70: =COMPLEX(-C70,0) -> -0.13 | M70: =COMPLEX(0,0) -> 0 | N70: =COMPLEX(1,0) -> 1 | O70: =K70 -> 1 | P70: =L70 -> -0.13 | Q70: =M70 -> 0 | R70: =N70 -> 1
A71: node 5 (room side) | B71: cap | C71: =INDEX(Classes!$B$5:$F$9,MATCH("E",Classes!$A$5:$A$9,0),5)*(N22*1000) -> 0 | K71: =COMPLEX(1,0) -> 1 | L71: =COMPLEX(0,0) -> 0 | M71: =COMPLEX(0,-(2*PI()/($B$5*3600))*C71) -> 0 | N71: =COMPLEX(1,0) -> 1 | O71: =IMSUM(IMPRODUCT(K71,O70),IMPRODUCT(L71,Q70)) -> 1 | P71: =IMSUM(IMPRODUCT(K71,P70),IMPRODUCT(L71,R70)) -> -0.13 | Q71: =IMSUM(IMPRODUCT(M71,O70),IMPRODUCT(N71,Q70)) -> 0 | R71: =IMSUM(IMPRODUCT(M71,P70),IMPRODUCT(N71,R70)) -> 1
A72: 6/Rc | B72: res | C72: =P22/6 -> 0.7777002 | K72: =COMPLEX(1,0) -> 1 | L72: =COMPLEX(-C72,0) -> -0.777700200487811 | M72: =COMPLEX(0,0) -> 0 | N72: =COMPLEX(1,0) -> 1 | O72: =IMSUM(IMPRODUCT(K72,O71),IMPRODUCT(L72,Q71)) -> 1 | P72: =IMSUM(IMPRODUCT(K72,P71),IMPRODUCT(L72,R71)) -> -0.907700200487811 | Q72: =IMSUM(IMPRODUCT(M72,O71),IMPRODUCT(N72,Q71)) -> 0 | R72: =IMSUM(IMPRODUCT(M72,P71),IMPRODUCT(N72,R71)) -> 1
A73: node 4 | B73: cap | C73: =INDEX(Classes!$B$5:$F$9,MATCH("E",Classes!$A$5:$A$9,0),4)*(N22*1000) -> 0 | K73: =COMPLEX(1,0) -> 1 | L73: =COMPLEX(0,0) -> 0 | M73: =COMPLEX(0,-(2*PI()/($B$5*3600))*C73) -> 0 | N73: =COMPLEX(1,0) -> 1 | O73: =IMSUM(IMPRODUCT(K73,O72),IMPRODUCT(L73,Q72)) -> 1 | P73: =IMSUM(IMPRODUCT(K73,P72),IMPRODUCT(L73,R72)) -> -0.907700200487811 | Q73: =IMSUM(IMPRODUCT(M73,O72),IMPRODUCT(N73,Q72)) -> 0 | R73: =IMSUM(IMPRODUCT(M73,P72),IMPRODUCT(N73,R72)) -> 1
A74: 3/Rc | B74: res | C74: =P22/3 -> 1.5554004 | K74: =COMPLEX(1,0) -> 1 | L74: =COMPLEX(-C74,0) -> -1.55540040097562 | M74: =COMPLEX(0,0) -> 0 | N74: =COMPLEX(1,0) -> 1 | O74: =IMSUM(IMPRODUCT(K74,O73),IMPRODUCT(L74,Q73)) -> 1 | P74: =IMSUM(IMPRODUCT(K74,P73),IMPRODUCT(L74,R73)) -> -2.46310060146343 | Q74: =IMSUM(IMPRODUCT(M74,O73),IMPRODUCT(N74,Q73)) -> 0 | R74: =IMSUM(IMPRODUCT(M74,P73),IMPRODUCT(N74,R73)) -> 1
A75: node 3 | B75: cap | C75: =INDEX(Classes!$B$5:$F$9,MATCH("E",Classes!$A$5:$A$9,0),3)*(N22*1000) -> 0 | K75: =COMPLEX(1,0) -> 1 | L75: =COMPLEX(0,0) -> 0 | M75: =COMPLEX(0,-(2*PI()/($B$5*3600))*C75) -> 0 | N75: =COMPLEX(1,0) -> 1 | O75: =IMSUM(IMPRODUCT(K75,O74),IMPRODUCT(L75,Q74)) -> 1 | P75: =IMSUM(IMPRODUCT(K75,P74),IMPRODUCT(L75,R74)) -> -2.46310060146343 | Q75: =IMSUM(IMPRODUCT(M75,O74),IMPRODUCT(N75,Q74)) -> 0 | R75: =IMSUM(IMPRODUCT(M75,P74),IMPRODUCT(N75,R74)) -> 1
A76: 3/Rc | B76: res | C76: =P22/3 -> 1.5554004 | K76: =COMPLEX(1,0) -> 1 | L76: =COMPLEX(-C76,0) -> -1.55540040097562 | M76: =COMPLEX(0,0) -> 0 | N76: =COMPLEX(1,0) -> 1 | O76: =IMSUM(IMPRODUCT(K76,O75),IMPRODUCT(L76,Q75)) -> 1 | P76: =IMSUM(IMPRODUCT(K76,P75),IMPRODUCT(L76,R75)) -> -4.01850100243905 | Q76: =IMSUM(IMPRODUCT(M76,O75),IMPRODUCT(N76,Q75)) -> 0 | R76: =IMSUM(IMPRODUCT(M76,P75),IMPRODUCT(N76,R75)) -> 1
A77: node 2 | B77: cap | C77: =INDEX(Classes!$B$5:$F$9,MATCH("E",Classes!$A$5:$A$9,0),2)*(N22*1000) -> 0 | K77: =COMPLEX(1,0) -> 1 | L77: =COMPLEX(0,0) -> 0 | M77: =COMPLEX(0,-(2*PI()/($B$5*3600))*C77) -> 0 | N77: =COMPLEX(1,0) -> 1 | O77: =IMSUM(IMPRODUCT(K77,O76),IMPRODUCT(L77,Q76)) -> 1 | P77: =IMSUM(IMPRODUCT(K77,P76),IMPRODUCT(L77,R76)) -> -4.01850100243905 | Q77: =IMSUM(IMPRODUCT(M77,O76),IMPRODUCT(N77,Q76)) -> 0 | R77: =IMSUM(IMPRODUCT(M77,P76),IMPRODUCT(N77,R76)) -> 1
A78: 6/Rc | B78: res | C78: =P22/6 -> 0.7777002 | K78: =COMPLEX(1,0) -> 1 | L78: =COMPLEX(-C78,0) -> -0.777700200487811 | M78: =COMPLEX(0,0) -> 0 | N78: =COMPLEX(1,0) -> 1 | O78: =IMSUM(IMPRODUCT(K78,O77),IMPRODUCT(L78,Q77)) -> 1 | P78: =IMSUM(IMPRODUCT(K78,P77),IMPRODUCT(L78,R77)) -> -4.79620120292686 | Q78: =IMSUM(IMPRODUCT(M78,O77),IMPRODUCT(N78,Q77)) -> 0 | R78: =IMSUM(IMPRODUCT(M78,P77),IMPRODUCT(N78,R77)) -> 1
A79: node 1 (outer) | B79: cap | C79: =INDEX(Classes!$B$5:$F$9,MATCH("E",Classes!$A$5:$A$9,0),1)*(N22*1000) -> 352105 | K79: =COMPLEX(1,0) -> 1 | L79: =COMPLEX(0,0) -> 0 | M79: =COMPLEX(0,-(2*PI()/($B$5*3600))*C79) -> -25.605798178061i | N79: =COMPLEX(1,0) -> 1 | O79: =IMSUM(IMPRODUCT(K79,O78),IMPRODUCT(L79,Q78)) -> 1 | P79: =IMSUM(IMPRODUCT(K79,P78),IMPRODUCT(L79,R78)) -> -4.79620120292686 | Q79: =IMSUM(IMPRODUCT(M79,O78),IMPRODUCT(N79,Q78)) -> -25.605798178061i | R79: =IMSUM(IMPRODUCT(M79,P78),IMPRODUCT(N79,R78)) -> 1+122.810560023519i
A80: far-side layer | B80: as ISO | K80: =K20 -> 1 | L80: =L20 -> -0 | M80: =M20 -> 0 | N80: =N20 -> 1 | O80: =IMSUM(IMPRODUCT(K80,O79),IMPRODUCT(L80,Q79)) -> 1 | P80: =IMSUM(IMPRODUCT(K80,P79),IMPRODUCT(L80,R79)) -> -4.79620120292686 | Q80: =IMSUM(IMPRODUCT(M80,O79),IMPRODUCT(N80,Q79)) -> -25.605798178061i | R80: =IMSUM(IMPRODUCT(M80,P79),IMPRODUCT(N80,R79)) -> 1+122.810560023519i
A81: Rse | B81: as ISO | K81: =K21 -> 1 | L81: =L21 -> -0.04 | M81: =M21 -> 0 | N81: =N21 -> 1 | O81: =IMSUM(IMPRODUCT(K81,O80),IMPRODUCT(L81,Q80)) -> 1+1.02423192712244i | P81: =IMSUM(IMPRODUCT(K81,P80),IMPRODUCT(L81,R80)) -> -4.83620120292686-4.91242240094076i | Q81: =IMSUM(IMPRODUCT(M81,O80),IMPRODUCT(N81,Q80)) -> -25.605798178061i | R81: =IMSUM(IMPRODUCT(M81,P80),IMPRODUCT(N81,R80)) -> 1+122.810560023519i
A82: |Y| five-node W/m²K | B82: =IMABS(IMDIV(IMPRODUCT(O81,COMPLEX(-1,0)),P81)) -> 0.20765137
A85: Five-node chain, class IE
B86: Kind | C86: R or C | K86: z11 | L86: z12 | M86: z21 | N86: z22 | O86: P11 | P86: P12 | Q86: P21 | R86: P22
A87: Rsi | B87: res | C87: =$Y$9 -> 0.13 | K87: =COMPLEX(1,0) -> 1 | L87: =COMPLEX(-C87,0) -> -0.13 | M87: =COMPLEX(0,0) -> 0 | N87: =COMPLEX(1,0) -> 1 | O87: =K87 -> 1 | P87: =L87 -> -0.13 | Q87: =M87 -> 0 | R87: =N87 -> 1
A88: node 5 (room side) | B88: cap | C88: =INDEX(Classes!$B$5:$F$9,MATCH("IE",Classes!$A$5:$A$9,0),5)*(N22*1000) -> 176052.5 | K88: =COMPLEX(1,0) -> 1 | L88: =COMPLEX(0,0) -> 0 | M88: =COMPLEX(0,-(2*PI()/($B$5*3600))*C88) -> -12.8028990890305i | N88: =COMPLEX(1,0) -> 1 | O88: =IMSUM(IMPRODUCT(K88,O87),IMPRODUCT(L88,Q87)) -> 1 | P88: =IMSUM(IMPRODUCT(K88,P87),IMPRODUCT(L88,R87)) -> -0.13 | Q88: =IMSUM(IMPRODUCT(M88,O87),IMPRODUCT(N88,Q87)) -> -12.8028990890305i | R88: =IMSUM(IMPRODUCT(M88,P87),IMPRODUCT(N88,R87)) -> 1+1.66437688157397i
A89: 6/Rc | B89: res | C89: =P22/6 -> 0.7777002 | K89: =COMPLEX(1,0) -> 1 | L89: =COMPLEX(-C89,0) -> -0.777700200487811 | M89: =COMPLEX(0,0) -> 0 | N89: =COMPLEX(1,0) -> 1 | O89: =IMSUM(IMPRODUCT(K89,O88),IMPRODUCT(L89,Q88)) -> 1+9.95681718836423i | P89: =IMSUM(IMPRODUCT(K89,P88),IMPRODUCT(L89,R88)) -> -0.907700200487811-1.29438623448735i | Q89: =IMSUM(IMPRODUCT(M89,O88),IMPRODUCT(N89,Q88)) -> -12.8028990890305i | R89: =IMSUM(IMPRODUCT(M89,P88),IMPRODUCT(N89,R88)) -> 1+1.66437688157397i
A90: node 4 | B90: cap | C90: =INDEX(Classes!$B$5:$F$9,MATCH("IE",Classes!$A$5:$A$9,0),4)*(N22*1000) -> 0 | K90: =COMPLEX(1,0) -> 1 | L90: =COMPLEX(0,0) -> 0 | M90: =COMPLEX(0,-(2*PI()/($B$5*3600))*C90) -> 0 | N90: =COMPLEX(1,0) -> 1 | O90: =IMSUM(IMPRODUCT(K90,O89),IMPRODUCT(L90,Q89)) -> 1+9.95681718836423i | P90: =IMSUM(IMPRODUCT(K90,P89),IMPRODUCT(L90,R89)) -> -0.907700200487811-1.29438623448735i | Q90: =IMSUM(IMPRODUCT(M90,O89),IMPRODUCT(N90,Q89)) -> -12.8028990890305i | R90: =IMSUM(IMPRODUCT(M90,P89),IMPRODUCT(N90,R89)) -> 1+1.66437688157397i
A91: 3/Rc | B91: res | C91: =P22/3 -> 1.5554004 | K91: =COMPLEX(1,0) -> 1 | L91: =COMPLEX(-C91,0) -> -1.55540040097562 | M91: =COMPLEX(0,0) -> 0 | N91: =COMPLEX(1,0) -> 1 | O91: =IMSUM(IMPRODUCT(K91,O90),IMPRODUCT(L91,Q90)) -> 1+29.8704515650926i | P91: =IMSUM(IMPRODUCT(K91,P90),IMPRODUCT(L91,R90)) -> -2.46310060146343-3.88315870346205i | Q91: =IMSUM(IMPRODUCT(M91,O90),IMPRODUCT(N91,Q90)) -> -12.8028990890305i | R91: =IMSUM(IMPRODUCT(M91,P90),IMPRODUCT(N91,R90)) -> 1+1.66437688157397i
A92: node 3 | B92: cap | C92: =INDEX(Classes!$B$5:$F$9,MATCH("IE",Classes!$A$5:$A$9,0),3)*(N22*1000) -> 0 | K92: =COMPLEX(1,0) -> 1 | L92: =COMPLEX(0,0) -> 0 | M92: =COMPLEX(0,-(2*PI()/($B$5*3600))*C92) -> 0 | N92: =COMPLEX(1,0) -> 1 | O92: =IMSUM(IMPRODUCT(K92,O91),IMPRODUCT(L92,Q91)) -> 1+29.8704515650926i | P92: =IMSUM(IMPRODUCT(K92,P91),IMPRODUCT(L92,R91)) -> -2.46310060146343-3.88315870346205i | Q92: =IMSUM(IMPRODUCT(M92,O91),IMPRODUCT(N92,Q91)) -> -12.8028990890305i | R92: =IMSUM(IMPRODUCT(M92,P91),IMPRODUCT(N92,R91)) -> 1+1.66437688157397i
A93: 3/Rc | B93: res | C93: =P22/3 -> 1.5554004 | K93: =COMPLEX(1,0) -> 1 | L93: =COMPLEX(-C93,0) -> -1.55540040097562 | M93: =COMPLEX(0,0) -> 0 | N93: =COMPLEX(1,0) -> 1 | O93: =IMSUM(IMPRODUCT(K93,O92),IMPRODUCT(L93,Q92)) -> 1+49.784085941821i | P93: =IMSUM(IMPRODUCT(K93,P92),IMPRODUCT(L93,R92)) -> -4.01850100243905-6.47193117243675i | Q93: =IMSUM(IMPRODUCT(M93,O92),IMPRODUCT(N93,Q92)) -> -12.8028990890305i | R93: =IMSUM(IMPRODUCT(M93,P92),IMPRODUCT(N93,R92)) -> 1+1.66437688157397i
A94: node 2 | B94: cap | C94: =INDEX(Classes!$B$5:$F$9,MATCH("IE",Classes!$A$5:$A$9,0),2)*(N22*1000) -> 0 | K94: =COMPLEX(1,0) -> 1 | L94: =COMPLEX(0,0) -> 0 | M94: =COMPLEX(0,-(2*PI()/($B$5*3600))*C94) -> 0 | N94: =COMPLEX(1,0) -> 1 | O94: =IMSUM(IMPRODUCT(K94,O93),IMPRODUCT(L94,Q93)) -> 1+49.784085941821i | P94: =IMSUM(IMPRODUCT(K94,P93),IMPRODUCT(L94,R93)) -> -4.01850100243905-6.47193117243675i | Q94: =IMSUM(IMPRODUCT(M94,O93),IMPRODUCT(N94,Q93)) -> -12.8028990890305i | R94: =IMSUM(IMPRODUCT(M94,P93),IMPRODUCT(N94,R93)) -> 1+1.66437688157397i
A95: 6/Rc | B95: res | C95: =P22/6 -> 0.7777002 | K95: =COMPLEX(1,0) -> 1 | L95: =COMPLEX(-C95,0) -> -0.777700200487811 | M95: =COMPLEX(0,0) -> 0 | N95: =COMPLEX(1,0) -> 1 | O95: =IMSUM(IMPRODUCT(K95,O94),IMPRODUCT(L95,Q94)) -> 1+59.7409031301852i | P95: =IMSUM(IMPRODUCT(K95,P94),IMPRODUCT(L95,R94)) -> -4.79620120292686-7.7663174069241i | Q95: =IMSUM(IMPRODUCT(M95,O94),IMPRODUCT(N95,Q94)) -> -12.8028990890305i | R95: =IMSUM(IMPRODUCT(M95,P94),IMPRODUCT(N95,R94)) -> 1+1.66437688157397i
A96: node 1 (outer) | B96: cap | C96: =INDEX(Classes!$B$5:$F$9,MATCH("IE",Classes!$A$5:$A$9,0),1)*(N22*1000) -> 176052.5 | K96: =COMPLEX(1,0) -> 1 | L96: =COMPLEX(0,0) -> 0 | M96: =COMPLEX(0,-(2*PI()/($B$5*3600))*C96) -> -12.8028990890305i | N96: =COMPLEX(1,0) -> 1 | O96: =IMSUM(IMPRODUCT(K96,O95),IMPRODUCT(L96,Q95)) -> 1+59.7409031301852i | P96: =IMSUM(IMPRODUCT(K96,P95),IMPRODUCT(L96,R95)) -> -4.79620120292686-7.7663174069241i | Q96: =IMSUM(IMPRODUCT(M96,O95),IMPRODUCT(N96,Q95)) -> 764.856754263307-25.605798178061i | R96: =IMSUM(IMPRODUCT(M96,P95),IMPRODUCT(N96,R95)) -> -98.4313780542303+63.0696568933333i
A97: far-side layer | B97: as ISO | K97: =K20 -> 1 | L97: =L20 -> -0 | M97: =M20 -> 0 | N97: =N20 -> 1 | O97: =IMSUM(IMPRODUCT(K97,O96),IMPRODUCT(L97,Q96)) -> 1+59.7409031301852i | P97: =IMSUM(IMPRODUCT(K97,P96),IMPRODUCT(L97,R96)) -> -4.79620120292686-7.7663174069241i | Q97: =IMSUM(IMPRODUCT(M97,O96),IMPRODUCT(N97,Q96)) -> 764.856754263307-25.605798178061i | R97: =IMSUM(IMPRODUCT(M97,P96),IMPRODUCT(N97,R96)) -> -98.4313780542303+63.0696568933333i
A98: Rse | B98: as ISO | K98: =K21 -> 1 | L98: =L21 -> -0.04 | M98: =M21 -> 0 | N98: =N21 -> 1 | O98: =IMSUM(IMPRODUCT(K98,O97),IMPRODUCT(L98,Q97)) -> -29.5942701705323+60.7651350573076i | P98: =IMSUM(IMPRODUCT(K98,P97),IMPRODUCT(L98,R97)) -> -0.85894608075765-10.2891036826574i | Q98: =IMSUM(IMPRODUCT(M98,O97),IMPRODUCT(N98,Q97)) -> 764.856754263307-25.605798178061i | R98: =IMSUM(IMPRODUCT(M98,P97),IMPRODUCT(N98,R97)) -> -98.4313780542303+63.0696568933333i
A99: |Y| five-node W/m²K | B99: =IMABS(IMDIV(IMPRODUCT(O98,COMPLEX(-1,0)),P98)) -> 6.546181
A102: Five-node chain, class D
B103: Kind | C103: R or C | K103: z11 | L103: z12 | M103: z21 | N103: z22 | O103: P11 | P103: P12 | Q103: P21 | R103: P22
A104: Rsi | B104: res | C104: =$Y$9 -> 0.13 | K104: =COMPLEX(1,0) -> 1 | L104: =COMPLEX(-C104,0) -> -0.13 | M104: =COMPLEX(0,0) -> 0 | N104: =COMPLEX(1,0) -> 1 | O104: =K104 -> 1 | P104: =L104 -> -0.13 | Q104: =M104 -> 0 | R104: =N104 -> 1
A105: node 5 (room side) | B105: cap | C105: =INDEX(Classes!$B$5:$F$9,MATCH("D",Classes!$A$5:$A$9,0),5)*(N22*1000) -> 44013.125 | K105: =COMPLEX(1,0) -> 1 | L105: =COMPLEX(0,0) -> 0 | M105: =COMPLEX(0,-(2*PI()/($B$5*3600))*C105) -> -3.20072477225762i | N105: =COMPLEX(1,0) -> 1 | O105: =IMSUM(IMPRODUCT(K105,O104),IMPRODUCT(L105,Q104)) -> 1 | P105: =IMSUM(IMPRODUCT(K105,P104),IMPRODUCT(L105,R104)) -> -0.13 | Q105: =IMSUM(IMPRODUCT(M105,O104),IMPRODUCT(N105,Q104)) -> -3.20072477225762i | R105: =IMSUM(IMPRODUCT(M105,P104),IMPRODUCT(N105,R104)) -> 1+0.416094220393491i
A106: 6/Rc | B106: res | C106: =P22/6 -> 0.7777002 | K106: =COMPLEX(1,0) -> 1 | L106: =COMPLEX(-C106,0) -> -0.777700200487811 | M106: =COMPLEX(0,0) -> 0 | N106: =COMPLEX(1,0) -> 1 | O106: =IMSUM(IMPRODUCT(K106,O105),IMPRODUCT(L106,Q105)) -> 1+2.48920429709105i | P106: =IMSUM(IMPRODUCT(K106,P105),IMPRODUCT(L106,R105)) -> -0.907700200487811-0.323596558621837i | Q106: =IMSUM(IMPRODUCT(M106,O105),IMPRODUCT(N106,Q105)) -> -3.20072477225762i | R106: =IMSUM(IMPRODUCT(M106,P105),IMPRODUCT(N106,R105)) -> 1+0.416094220393491i
A107: node 4 | B107: cap | C107: =INDEX(Classes!$B$5:$F$9,MATCH("D",Classes!$A$5:$A$9,0),4)*(N22*1000) -> 88026.25 | K107: =COMPLEX(1,0) -> 1 | L107: =COMPLEX(0,0) -> 0 | M107: =COMPLEX(0,-(2*PI()/($B$5*3600))*C107) -> -6.40144954451524i | N107: =COMPLEX(1,0) -> 1 | O107: =IMSUM(IMPRODUCT(K107,O106),IMPRODUCT(L107,Q106)) -> 1+2.48920429709105i | P107: =IMSUM(IMPRODUCT(K107,P106),IMPRODUCT(L107,R106)) -> -0.907700200487811-0.323596558621837i | Q107: =IMSUM(IMPRODUCT(M107,O106),IMPRODUCT(N107,Q106)) -> 15.9345157138189-9.60217431677286i | R107: =IMSUM(IMPRODUCT(M107,P106),IMPRODUCT(N107,R106)) -> -1.07148704279646+6.22669125536258i
A108: 3/Rc | B108: res | C108: =P22/3 -> 1.5554004 | K108: =COMPLEX(1,0) -> 1 | L108: =COMPLEX(-C108,0) -> -1.55540040097562 | M108: =COMPLEX(0,0) -> 0 | N108: =COMPLEX(1,0) -> 1 | O108: =IMSUM(IMPRODUCT(K108,O107),IMPRODUCT(L108,Q107)) -> -23.7845521306262+17.4244300796374i | P108: =IMSUM(IMPRODUCT(K108,P107),IMPRODUCT(L108,R107)) -> 0.758891175517989-10.0085946339642i | Q108: =IMSUM(IMPRODUCT(M108,O107),IMPRODUCT(N108,Q107)) -> 15.9345157138189-9.60217431677286i | R108: =IMSUM(IMPRODUCT(M108,P107),IMPRODUCT(N108,R107)) -> -1.07148704279646+6.22669125536258i
A109: node 3 | B109: cap | C109: =INDEX(Classes!$B$5:$F$9,MATCH("D",Classes!$A$5:$A$9,0),3)*(N22*1000) -> 88026.25 | K109: =COMPLEX(1,0) -> 1 | L109: =COMPLEX(0,0) -> 0 | M109: =COMPLEX(0,-(2*PI()/($B$5*3600))*C109) -> -6.40144954451524i | N109: =COMPLEX(1,0) -> 1 | O109: =IMSUM(IMPRODUCT(K109,O108),IMPRODUCT(L109,Q108)) -> -23.7845521306262+17.4244300796374i | P109: =IMSUM(IMPRODUCT(K109,P108),IMPRODUCT(L109,R108)) -> 0.758891175517989-10.0085946339642i | Q109: =IMSUM(IMPRODUCT(M109,O108),IMPRODUCT(N109,Q108)) -> 127.476125710551+142.653436086323i | R109: =IMSUM(IMPRODUCT(M109,P108),IMPRODUCT(N109,R108)) -> -65.1410006036243+1.36868768550631i
A110: 3/Rc | B110: res | C110: =P22/3 -> 1.5554004 | K110: =COMPLEX(1,0) -> 1 | L110: =COMPLEX(-C110,0) -> -1.55540040097562 | M110: =COMPLEX(0,0) -> 0 | N110: =COMPLEX(1,0) -> 1 | O110: =IMSUM(IMPRODUCT(K110,O109),IMPRODUCT(L110,Q109)) -> -222.060969175636-204.45878160958i | P110: =IMSUM(IMPRODUCT(K110,P109),IMPRODUCT(L110,R109)) -> 102.079229634348-12.1374520088111i | Q110: =IMSUM(IMPRODUCT(M110,O109),IMPRODUCT(N110,Q109)) -> 127.476125710551+142.653436086323i | R110: =IMSUM(IMPRODUCT(M110,P109),IMPRODUCT(N110,R109)) -> -65.1410006036243+1.36868768550631i
A111: node 2 | B111: cap | C111: =INDEX(Classes!$B$5:$F$9,MATCH("D",Classes!$A$5:$A$9,0),2)*(N22*1000) -> 88026.25 | K111: =COMPLEX(1,0) -> 1 | L111: =COMPLEX(0,0) -> 0 | M111: =COMPLEX(0,-(2*PI()/($B$5*3600))*C111) -> -6.40144954451524i | N111: =COMPLEX(1,0) -> 1 | O111: =IMSUM(IMPRODUCT(K111,O110),IMPRODUCT(L111,Q110)) -> -222.060969175636-204.45878160958i | P111: =IMSUM(IMPRODUCT(K111,P110),IMPRODUCT(L111,R110)) -> 102.079229634348-12.1374520088111i | Q111: =IMSUM(IMPRODUCT(M111,O110),IMPRODUCT(N111,Q110)) -> -1181.35644869624+1564.16552607031i | R111: =IMSUM(IMPRODUCT(M111,P110),IMPRODUCT(N111,R110)) -> -142.838287237004-652.086350361758i
A112: 6/Rc | B112: res | C112: =P22/6 -> 0.7777002 | K112: =COMPLEX(1,0) -> 1 | L112: =COMPLEX(-C112,0) -> -0.777700200487811 | M112: =COMPLEX(0,0) -> 0 | N112: =COMPLEX(1,0) -> 1 | O112: =IMSUM(IMPRODUCT(K112,O111),IMPRODUCT(L112,Q111)) -> 696.680177822998-1420.91062483058i | P112: =IMSUM(IMPRODUCT(K112,P111),IMPRODUCT(L112,R111)) -> 213.164594255902+494.990233402893i | Q112: =IMSUM(IMPRODUCT(M112,O111),IMPRODUCT(N112,Q111)) -> -1181.35644869624+1564.16552607031i | R112: =IMSUM(IMPRODUCT(M112,P111),IMPRODUCT(N112,R111)) -> -142.838287237004-652.086350361758i
A113: node 1 (outer) | B113: cap | C113: =INDEX(Classes!$B$5:$F$9,MATCH("D",Classes!$A$5:$A$9,0),1)*(N22*1000) -> 44013.125 | K113: =COMPLEX(1,0) -> 1 | L113: =COMPLEX(0,0) -> 0 | M113: =COMPLEX(0,-(2*PI()/($B$5*3600))*C113) -> -3.20072477225762i | N113: =COMPLEX(1,0) -> 1 | O113: =IMSUM(IMPRODUCT(K113,O112),IMPRODUCT(L113,Q112)) -> 696.680177822998-1420.91062483058i | P113: =IMSUM(IMPRODUCT(K113,P112),IMPRODUCT(L113,R112)) -> 213.164594255902+494.990233402893i | Q113: =IMSUM(IMPRODUCT(M113,O112),IMPRODUCT(N113,Q112)) -> -5729.30028475553-665.7159774286i | R113: =IMSUM(IMPRODUCT(M113,P112),IMPRODUCT(N113,R112)) -> 1441.48921484122-1334.36754776487i
A114: far-side layer | B114: as ISO | K114: =K20 -> 1 | L114: =L20 -> -0 | M114: =M20 -> 0 | N114: =N20 -> 1 | O114: =IMSUM(IMPRODUCT(K114,O113),IMPRODUCT(L114,Q113)) -> 696.680177822998-1420.91062483058i | P114: =IMSUM(IMPRODUCT(K114,P113),IMPRODUCT(L114,R113)) -> 213.164594255902+494.990233402893i | Q114: =IMSUM(IMPRODUCT(M114,O113),IMPRODUCT(N114,Q113)) -> -5729.30028475553-665.7159774286i | R114: =IMSUM(IMPRODUCT(M114,P113),IMPRODUCT(N114,R113)) -> 1441.48921484122-1334.36754776487i
...

Sheet Library results
A1: All build-ups at the period on the Engine sheet (24 h)
A2: Live formulas. The last two columns are the Python model's values for the same build-up, for checking.
A4: Key | B4: Build-up | C4: Class | D4: U | E4: |Y| | F4: Y lead h | G4: f | H4: lag h | I4: κ₁ | J4: κ total | K4: Five-node |Y| | L4: 5-node ÷ ISO | M4: Python |Y| | N4: Python 5-node |Y|
A5: W1 | B5: =INDEX(Library!$B$5:$B$34,MATCH(A5,Library!$A$5:$A$34,0)) -> Cavity: wet plaster, 100 dense block, 150 MW, brick | C5: =Engine!C5 -> IE | D5: =Engine!B19 -> 0.21264482 | E5: =Engine!D19 -> 5.2133448 | F5: =Engine!F19 -> 1.3706898 | G5: =Engine!H19 -> 0.2492095 | H5: =Engine!J19 -> 9.9322194 | I5: =Engine!L19 -> 72.405364 | J5: =Engine!N19 -> 360.255 | K5: =Engine!B35 -> 6.5855971 | L5: =K5/E5 -> 1.2632192 | M5: 5.213 | N5: 6.586
A6: W2 | B6: =INDEX(Library!$B$5:$B$34,MATCH(A6,Library!$A$5:$A$34,0)) -> Cavity: board on dabs, 100 dense block, 150 MW, brick | C6: =Engine!C38 -> IE | D6: =Engine!B52 -> 0.20677386 | E6: =Engine!D52 -> 3.1646834 | F6: =Engine!F52 -> 1.009561 | G6: =Engine!H52 -> 0.16133724 | H6: =Engine!J52 -> 10.476924 | I6: =Engine!L52 -> 43.972162 | J6: =Engine!N52 -> 352.105 | K6: =Engine!B68 -> 6.546181 | L6: =K6/E6 -> 2.0685105 | M6: 3.165 | N6: 6.546
A7: W3 | B7: =INDEX(Library!$B$5:$B$34,MATCH(A7,Library!$A$5:$A$34,0)) -> Cavity: wet plaster, 100 aircrete, 150 MW, brick | C7: =Engine!C71 -> IE | D7: =Engine!B85 -> 0.18936351 | E7: =Engine!D85 -> 2.8161647 | F7: =Engine!F85 -> 2.7296702 | G7: =Engine!H85 -> 0.36293044 | H7: =Engine!J85 -> 10.115955 | I7: =Engine!L85 -> 39.64757 | J7: =Engine!N85 -> 220.255 | K7: =Engine!B101 -> 5.482666 | L7: =K7/E7 -> 1.9468556 | M7: 2.816 | N7: 5.483
A8: W4 | B8: =INDEX(Library!$B$5:$B$34,MATCH(A8,Library!$A$5:$A$34,0)) -> Cavity: board on dabs, 100 aircrete, 150 MW, brick | C8: =Engine!C104 -> IE | D8: =Engine!B118 -> 0.18469362 | E8: =Engine!D118 -> 2.026388 | F8: =Engine!F118 -> 2.315351 | G8: =Engine!H118 -> 0.30637913 | H8: =Engine!J118 -> 10.435761 | I8: =Engine!L118 -> 28.62836 | J8: =Engine!N118 -> 212.105 | K8: =Engine!B134 -> 5.3816737 | L8: =K8/E8 -> 2.6557963 | M8: 2.026 | N8: 5.382
A9: W5 | B9: =INDEX(Library!$B$5:$B$34,MATCH(A9,Library!$A$5:$A$34,0)) -> Timber frame: board, 140 MW studs, OSB, cavity, brick | C9: =Engine!C137 -> E | D9: =Engine!B151 -> 0.24323668 | E9: =Engine!D151 -> 0.88862877 | F9: =Engine!F151 -> 4.1923724 | G9: =Engine!H151 -> 0.64299904 | H9: =Engine!J151 -> 6.5509331 | I9: =Engine!L151 -> 14.271766 | J9: =Engine!N151 -> 167.495 | K9: =Engine!B167 -> 0.24368974 | L9: =K9/E9 -> 0.27423121 | M9: 0.889 | N9: 0.244
A10: W6 | B10: =INDEX(Library!$B$5:$B$34,MATCH(A10,Library!$A$5:$A$34,0)) -> Timber frame: board, 140 MW studs, 60 wood fibre, render | C10: =Engine!C170 -> D | D10: =Engine!B184 -> 0.18793562 | E10: =Engine!D184 -> 0.92199838 | F10: =Engine!F184 -> 4.2173834 | G10: =Engine!H184 -> 0.64968784 | H10: =Engine!J184 -> 6.3085641 | I10: =Engine!L184 -> 14.247922 | J10: =Engine!N184 -> 56.99 | K10: =Engine!B200 -> 1.0259888 | L10: =K10/E10 -> 1.1127881 | M10: 0.922 | N10: 1.026
A11: W7 | B11: =INDEX(Library!$B$5:$B$34,MATCH(A11,Library!$A$5:$A$34,0)) -> SIPs: board, OSB, 142 PUR, OSB, ventilated cladding | C11: =Engine!C203 -> IE | D11: =Engine!B217 -> 0.14114648 | E11: =Engine!D217 -> 1.6369189 | F11: =Engine!F217 -> 3.9466907 | G11: =Engine!H217 -> 0.82201131 | H11: =Engine!J217 -> 4.4983591 | I11: =Engine!L217 -> 23.497055 | J11: =Engine!N217 -> 47.864 | K11: =Engine!B233 -> 1.673544 | L11: =K11/E11 -> 1.0223744 | M11: 1.637 | N11: 1.674
A12: W8 | B12: =INDEX(Library!$B$5:$B$34,MATCH(A12,Library!$A$5:$A$34,0)) -> Exposed 100 CLT, 160 wood fibre, render | C12: =Engine!C236 -> I | D12: =Engine!B250 -> 0.19371372 | E12: =Engine!D250 -> 2.1874501 | F12: =Engine!F250 -> 2.2636079 | G12: =Engine!H250 -> 0.14992881 | H12: =Engine!J250 -> 14.609863 | I12: =Engine!L250 -> 30.198101 | J12: =Engine!N250 -> 146.96 | K12: =Engine!B266 -> 6.189318 | L12: =K12/E12 -> 2.829467 | M12: 2.187 | N12: 6.189
A13: W9 | B13: =INDEX(Library!$B$5:$B$34,MATCH(A13,Library!$A$5:$A$34,0)) -> Lined CLT: board, 100 CLT, 160 MW, cladding | C13: =Engine!C269 -> I | D13: =Engine!B283 -> 0.17421047 | E13: =Engine!D283 -> 1.8196832 | F13: =Engine!F283 -> 2.1214114 | G13: =Engine!H283 -> 0.28902104 | H13: =Engine!J283 -> 8.3252574 | I13: =Engine!L283 -> 25.659805 | J13: =Engine!N283 -> 88.894 | K13: =Engine!B299 -> 4.8842209 | L13: =K13/E13 -> 2.6841051 | M13: 1.82 | N13: 4.884
A14: W10 | B14: =INDEX(Library!$B$5:$B$34,MATCH(A14,Library!$A$5:$A$34,0)) -> ICF: board on dabs, 70 EPS, 150 concrete, 70 EPS, render | C14: =Engine!C302 -> M | D14: =Engine!B316 -> 0.2086801 | E14: =Engine!D316 -> 0.75339797 | F14: =Engine!F316 -> 3.495291 | G14: =Engine!H316 -> 0.031236349 | H14: =Engine!J316 -> 8.1733005 | I14: =Engine!L316 -> 10.449266 | J14: =Engine!N316 -> 390.81 | K14: =Engine!B332 -> 0.40953533 | L14: =K14/E14 -> 0.54358432 | M14: 0.753 | N14: 0.41
A15: W11 | B15: =INDEX(Library!$B$5:$B$34,MATCH(A15,Library!$A$5:$A$34,0)) -> Solid 215 brick, wet plaster, uninsulated | C15: =Engine!C335 -> D | D15: =Engine!B349 -> 2.1042851 | E15: =Engine!D349 -> 4.2538844 | F15: =Engine!F349 -> 1.4228836 | G15: =Engine!H349 -> 0.51828479 | H15: =Engine!J349 -> 6.3601834 | I15: =Engine!L349 -> 66.604688 | J15: =Engine!N349 -> 309.3 | K15: =Engine!B365 -> 4.7165697 | L15: =K15/E15 -> 1.1087677 | M15: 4.254 | N15: 4.717
A16: W12 | B16: =INDEX(Library!$B$5:$B$34,MATCH(A16,Library!$A$5:$A$34,0)) -> Solid brick + IWI: board, 80 PIR, 215 brick | C16: =Engine!C368 -> E | D16: =Engine!B382 -> 0.24124822 | E16: =Engine!D382 -> 0.73574468 | F16: =Engine!F382 -> 4.215176 | G16: =Engine!H382 -> 0.29661902 | H16: =Engine!J382 -> 8.3153767 | I16: =Engine!L382 -> 11.09258 | J16: =Engine!N382 -> 304.51 | K16: =Engine!B398 -> 0.24227331 | L16: =K16/E16 -> 0.32928992 | M16: 0.736 | N16: 0.242
A17: W13 | B17: =INDEX(Library!$B$5:$B$34,MATCH(A17,Library!$A$5:$A$34,0)) -> Solid brick + EWI: plaster, 215 brick, 100 EPS, render | C17: =Engine!C401 -> I | D17: =Engine!B415 -> 0.27679969 | E17: =Engine!D415 -> 4.3240646 | F17: =Engine!F415 -> 1.2913734 | G17: =Engine!H415 -> 0.17187123 | H17: =Engine!J415 -> 9.2376505 | I17: =Engine!L415 -> 60.066934 | J17: =Engine!N415 -> 330.2 | K17: =Engine!B431 -> 7.3003474 | L17: =K17/E17 -> 1.6883068 | M17: 4.324 | N17: 7.3
A18: W14 | B18: =INDEX(Library!$B$5:$B$34,MATCH(A18,Library!$A$5:$A$34,0)) -> Hempcrete: lime plaster, 300 hempcrete, lime render | C18: =Engine!C434 -> D | D18: =Engine!B448 -> 0.22242523 | E18: =Engine!D448 -> 2.4931434 | F18: =Engine!F448 -> 3.3048686 | G18: =Engine!H448 -> 0.087145611 | H18: =Engine!J448 -> 17.274633 | I18: =Engine!L448 -> 34.117191 | J18: =Engine!N448 -> 199.5 | K18: =Engine!B464 -> 2.106053 | L18: =K18/E18 -> 0.84473804 | M18: 2.493 | N18: 2.106
A19: W15 | B19: =INDEX(Library!$B$5:$B$34,MATCH(A19,Library!$A$5:$A$34,0)) -> Exposed 300 rammed earth, 120 wood fibre, render | C19: =Engine!C467 -> I | D19: =Engine!B481 -> 0.27469549 | E19: =Engine!D481 -> 4.8980765 | F19: =Engine!F481 -> 1.1880622 | G19: =Engine!H481 -> 0.059363129 | H19: =Engine!J481 -> 16.355591 | I19: =Engine!L481 -> 67.380481 | J19: =Engine!N481 -> 571.32 | K19: =Engine!B497 -> 7.5545026 | L19: =K19/E19 -> 1.5423406 | M19: 4.898 | N19: 7.555
A20: F1 | B20: =INDEX(Library!$B$5:$B$34,MATCH(A20,Library!$A$5:$A$34,0)) -> 65 screed on 100 PIR on slab | C20: =Engine!C500 -> IE | D20: =Engine!B514 -> 0.1821944 | E20: =Engine!D514 -> 4.57228 | F20: =Engine!F514 -> 1.9270735 | G20: =Engine!H514 -> – | H20: =Engine!J514 -> – | I20: =Engine!L514 -> 62.873346 | J20: =Engine!N514 -> 374.2 | K20: =Engine!B530 -> 5.3688656 | L20: =K20/E20 -> 1.1742206 | M20: 4.572 | N20: 5.369
A21: F2 | B21: =INDEX(Library!$B$5:$B$34,MATCH(A21,Library!$A$5:$A$34,0)) -> Suspended timber: 22 chipboard, 150 MW, vented void | C21: =Engine!C533 -> I | D21: =Engine!B547 -> 0.24288688 | E21: =Engine!D547 -> 1.7231097 | F21: =Engine!F547 -> 3.8908486 | G21: =Engine!H547 -> 0.86200635 | H21: =Engine!J547 -> 3.6283089 | I21: =Engine!L547 -> 24.951136 | J21: =Engine!N547 -> 35.11 | K21: =Engine!B563 -> 2.2710746 | L21: =K21/E21 -> 1.3180093 | M21: 1.723 | N21: 2.271
A22: F3 | B22: =INDEX(Library!$B$5:$B$34,MATCH(A22,Library!$A$5:$A$34,0)) -> Exposed 150 slab (polished) on 120 PIR | C22: =Engine!C566 -> I | D22: =Engine!B580 -> 0.15707928 | E22: =Engine!D580 -> 5.0230825 | F22: =Engine!F580 -> 0.79988649 | G22: =Engine!H580 -> – | H22: =Engine!J580 -> – | I22: =Engine!L580 -> 69.072388 | J22: =Engine!N580 -> 365.04 | K22: =Engine!B596 -> 5.7348804 | L22: =K22/E22 -> 1.1417054 | M22: 5.023 | N22: 5.735
A23: F4 | B23: =INDEX(Library!$B$5:$B$34,MATCH(A23,Library!$A$5:$A$34,0)) -> Carpet on 65 screed on 100 PIR on slab | C23: =Engine!C599 -> IE | D23: =Engine!B613 -> 0.17578885 | E23: =Engine!D613 -> 2.4978985 | F23: =Engine!F613 -> 1.0348438 | G23: =Engine!H613 -> – | H23: =Engine!J613 -> – | I23: =Engine!L613 -> 34.348557 | J23: =Engine!N613 -> 377.32 | K23: =Engine!B629 -> 5.3774787 | L23: =K23/E23 -> 2.1528011 | M23: 2.498 | N23: 5.377
A24: I1 | B24: =INDEX(Library!$B$5:$B$34,MATCH(A24,Library!$A$5:$A$34,0)) -> Timber joist: 22 chipboard, void, 12.5 board ceiling | C24: =Engine!C632 -> D | D24: =Engine!B646 -> – | E24: =Engine!D646 -> 1.7430379 | F24: =Engine!F646 -> 1.7583241 | G24: =Engine!H646 -> – | H24: =Engine!J646 -> – | I24: =Engine!L646 -> 17.818543 | J24: =Engine!N646 -> 33.06 | K24: =Engine!B662 -> 1.6402344 | L24: =K24/E24 -> 0.9410205 | M24: 1.743 | N24: 1.64
A25: I2 | B25: =INDEX(Library!$B$5:$B$34,MATCH(A25,Library!$A$5:$A$34,0)) -> Concrete: 50 screed, 150 plank, exposed soffit | C25: =Engine!C665 -> D | D25: =Engine!B679 -> – | E25: =Engine!D679 -> 4.4446877 | F25: =Engine!F679 -> 0.81429898 | G25: =Engine!H679 -> – | H25: =Engine!J679 -> – | I25: =Engine!L679 -> 65.381114 | J25: =Engine!N679 -> 430 | K25: =Engine!B695 -> 4.730176 | L25: =K25/E25 -> 1.0642314 | M25: 4.445 | N25: 4.73
A26: I3 | B26: =INDEX(Library!$B$5:$B$34,MATCH(A26,Library!$A$5:$A$34,0)) -> Exposed 160 CLT floor, 50 screed on top | C26: =Engine!C698 -> D | D26: =Engine!B712 -> – | E26: =Engine!D712 -> 4.2393934 | F26: =Engine!F712 -> 1.8235393 | G26: =Engine!H712 -> – | H26: =Engine!J712 -> – | I26: =Engine!L712 -> 60.651767 | J26: =Engine!N712 -> 220.32 | K26: =Engine!B728 -> 2.83677 | L26: =K26/E26 -> 0.66914527 | M26: 4.239 | N26: 2.837
A27: P1 | B27: =INDEX(Library!$B$5:$B$34,MATCH(A27,Library!$A$5:$A$34,0)) -> Stud partition: 12.5 board each side (half) | C27: =Engine!C731 -> D | D27: =Engine!B745 -> – | E27: =Engine!D745 -> 0.63342504 | F27: =Engine!F745 -> 5.6369061 | G27: =Engine!H745 -> – | H27: =Engine!J745 -> – | I27: =Engine!L745 -> 8.7102196 | J27: =Engine!N745 -> 8.75 | K27: =Engine!B761 -> 0.63219251 | L27: =K27/E27 -> 0.99805419 | M27: 0.633 | N27: 0.632
A28: P2 | B28: =INDEX(Library!$B$5:$B$34,MATCH(A28,Library!$A$5:$A$34,0)) -> 100 dense block, wet plaster both sides (half) | C28: =Engine!C764 -> D | D28: =Engine!B778 -> – | E28: =Engine!D778 -> 4.9580668 | F28: =Engine!F778 -> 2.3998253 | G28: =Engine!H778 -> – | H28: =Engine!J778 -> – | I28: =Engine!L778 -> 68.178314 | J28: =Engine!N778 -> 116.9 | K28: =Engine!B794 -> 5.1923932 | L28: =K28/E28 -> 1.0472616 | M28: 4.958 | N28: 5.192
A29: P3 | B29: =INDEX(Library!$B$5:$B$34,MATCH(A29,Library!$A$5:$A$34,0)) -> 100 aircrete, wet plaster both sides (half) | C29: =Engine!C797 -> D | D29: =Engine!B811 -> – | E29: =Engine!D811 -> 2.8039401 | F29: =Engine!F811 -> 3.8264799 | G29: =Engine!H811 -> – | H29: =Engine!J811 -> – | I29: =Engine!L811 -> 38.556947 | J29: =Engine!N811 -> 46.9 | K29: =Engine!B827 -> 2.5756166 | L29: =K29/E29 -> 0.91857047 | M29: 2.804 | N29: 2.576
A30: P4 | B30: =INDEX(Library!$B$5:$B$34,MATCH(A30,Library!$A$5:$A$34,0)) -> Party wall: plaster, 100 dense block leaf (cavity behind) | C30: =Engine!C830 -> D | D30: =Engine!B844 -> – | E30: =Engine!D844 -> 5.2402727 | F30: =Engine!F844 -> 1.3767724 | G30: =Engine!H844 -> – | H30: =Engine!J844 -> – | I30: =Engine!L844 -> 72.058923 | J30: =Engine!N844 -> 216.9 | K30: =Engine!B860 -> 5.6205015 | L30: =K30/E30 -> 1.072559 | M30: 5.24 | N30: 5.621
A31: P5 | B31: =INDEX(Library!$B$5:$B$34,MATCH(A31,Library!$A$5:$A$34,0)) -> Party wall: board, 90 MW studs (timber frame twin stud) | C31: =Engine!C863 -> I | D31: =Engine!B877 -> – | E31: =Engine!D877 -> 1.5685019 | F31: =Engine!F877 -> 4.5834252 | G31: =Engine!H877 -> – | H31: =Engine!J877 -> – | I31: =Engine!L877 -> 21.568455 | J31: =Engine!N877 -> 23.98 | K31: =Engine!B893 -> 1.7007183 | L31: =K31/E31 -> 1.0842947 | M31: 1.569 | N31: 1.701
A32: R1 | B32: =INDEX(Library!$B$5:$B$34,MATCH(A32,Library!$A$5:$A$34,0)) -> 12.5 board ceiling under 300 MW (cold loft) | C32: =Engine!C896 -> D | D32: =Engine!B910 -> 0.1140127 | E32: =Engine!D910 -> 0.81923933 | F32: =Engine!F910 -> 4.7858675 | G32: =Engine!H910 -> 0.83564191 | H32: =Engine!J910 -> 3.9085395 | I32: =Engine!L910 -> 12.155731 | J32: =Engine!N910 -> 18.02 | K32: =Engine!B926 -> 0.43775806 | L32: =K32/E32 -> 0.53434698 | M32: 0.819 | N32: 0.438
A33: R2 | B33: =INDEX(Library!$B$5:$B$34,MATCH(A33,Library!$A$5:$A$34,0)) -> Exposed 200 concrete roof slab, 150 PIR | C33: =Engine!C929 -> I | D33: =Engine!B943 -> 0.14167955 | E33: =Engine!D943 -> 7.3557772 | F33: =Engine!F943 -> 1.0142135 | G33: =Engine!H943 -> 0.19088741 | H33: =Engine!J943 -> 9.1196692 | I33: =Engine!L943 -> 101.47773 | J33: =Engine!N943 -> 486.3 | K33: =Engine!B959 -> 9.6124773 | L33: =K33/E33 -> 1.3067929 | M33: 7.356 | N33: 9.612
A34: Custom | B34: =INDEX(Library!$B$5:$B$34,MATCH(A34,Library!$A$5:$A$34,0)) -> Your build-up (edit this row) | C34: =Engine!C962 -> IE | D34: =Engine!B976 -> 0.21264482 | E34: =Engine!D976 -> 5.2133448 | F34: =Engine!F976 -> 1.3706898 | G34: =Engine!H976 -> 0.2492095 | H34: =Engine!J976 -> 9.9322194 | I34: =Engine!L976 -> 72.405364 | J34: =Engine!N976 -> 360.255 | K34: =Engine!B992 -> 6.5855971 | L34: =K34/E34 -> 1.2632192

Sheet Library
A1: Build-up library
A2: Layers run from the room side outwards. Value is thickness in mm for a material, or resistance in m²K/W for a 'Cavity'. Far side: ext, ground, adiabatic or room. The last row is yours to edit.
A4: Key | B4: Build-up | C4: Kind | D4: Far side | E4: Rsi | F4: Class (rule) | G4: Layer 1 | H4: mm or R | I4: Layer 2 | J4: mm or R | K4: Layer 3 | L4: mm or R | M4: Layer 4 | N4: mm or R | O4: Layer 5 | P4: mm or R | Q4: Layer 6 | R4: mm or R | S4: Layer 7 | T4: mm or R | U4: Layer 8 | V4: mm or R
A5: W1 | B5: Cavity: wet plaster, 100 dense block, 150 MW, brick | C5: wall | D5: ext | E5: 0.13 | F5: IE | G5: gypsum plaster | H5: 13 | I5: dense block | J5: 100 | K5: mineral wool | L5: 150 | M5: brick | N5: 102
A6: W2 | B6: Cavity: board on dabs, 100 dense block, 150 MW, brick | C6: wall | D6: ext | E6: 0.13 | F6: IE | G6: plasterboard | H6: 12.5 | I6: Cavity | J6: 0.1 | K6: dense block | L6: 100 | M6: mineral wool | N6: 150 | O6: brick | P6: 102
A7: W3 | B7: Cavity: wet plaster, 100 aircrete, 150 MW, brick | C7: wall | D7: ext | E7: 0.13 | F7: IE | G7: gypsum plaster | H7: 13 | I7: aerated block | J7: 100 | K7: mineral wool | L7: 150 | M7: brick | N7: 102
A8: W4 | B8: Cavity: board on dabs, 100 aircrete, 150 MW, brick | C8: wall | D8: ext | E8: 0.13 | F8: IE | G8: plasterboard | H8: 12.5 | I8: Cavity | J8: 0.1 | K8: aerated block | L8: 100 | M8: mineral wool | N8: 150 | O8: brick | P8: 102
A9: W5 | B9: Timber frame: board, 140 MW studs, OSB, cavity, brick | C9: wall | D9: ext | E9: 0.13 | F9: E | G9: plasterboard | H9: 12.5 | I9: mineral wool + studs | J9: 140 | K9: OSB | L9: 9 | M9: Cavity | N9: 0.18 | O9: brick | P9: 102
A10: W6 | B10: Timber frame: board, 140 MW studs, 60 wood fibre, render | C10: wall | D10: ext | E10: 0.13 | F10: D | G10: plasterboard | H10: 12.5 | I10: mineral wool + studs | J10: 140 | K10: wood fibre | L10: 60 | M10: render | N10: 10
A11: W7 | B11: SIPs: board, OSB, 142 PUR, OSB, ventilated cladding | C11: wall | D11: ext | E11: 0.13 | F11: IE | G11: plasterboard | H11: 12.5 | I11: Cavity | J11: 0.17 | K11: OSB | L11: 15 | M11: PIR | N11: 142 | O11: OSB | P11: 15
A12: W8 | B12: Exposed 100 CLT, 160 wood fibre, render | C12: wall | D12: ext | E12: 0.13 | F12: I | G12: CLT | H12: 100 | I12: wood fibre | J12: 160 | K12: render | L12: 10
A13: W9 | B13: Lined CLT: board, 100 CLT, 160 MW, cladding | C13: wall | D13: ext | E13: 0.13 | F13: I | G13: plasterboard | H13: 12.5 | I13: Cavity | J13: 0.17 | K13: CLT | L13: 100 | M13: mineral wool | N13: 160
A14: W10 | B14: ICF: board on dabs, 70 EPS, 150 concrete, 70 EPS, render | C14: wall | D14: ext | E14: 0.13 | F14: M | G14: plasterboard | H14: 12.5 | I14: Cavity | J14: 0.1 | K14: EPS | L14: 70 | M14: dense concrete | N14: 150 | O14: EPS | P14: 70 | Q14: render | R14: 10
A15: W11 | B15: Solid 215 brick, wet plaster, uninsulated | C15: wall | D15: ext | E15: 0.13 | F15: D | G15: gypsum plaster | H15: 13 | I15: brick | J15: 215
A16: W12 | B16: Solid brick + IWI: board, 80 PIR, 215 brick | C16: wall | D16: ext | E16: 0.13 | F16: E | G16: plasterboard | H16: 12.5 | I16: PIR | J16: 80 | K16: brick | L16: 215
A17: W13 | B17: Solid brick + EWI: plaster, 215 brick, 100 EPS, render | C17: wall | D17: ext | E17: 0.13 | F17: I | G17: gypsum plaster | H17: 13 | I17: brick | J17: 215 | K17: EPS | L17: 100 | M17: render | N17: 10
A18: W14 | B18: Hempcrete: lime plaster, 300 hempcrete, lime render | C18: wall | D18: ext | E18: 0.13 | F18: D | G18: lime plaster | H18: 15 | I18: hempcrete | J18: 300 | K18: render | L18: 15
A19: W15 | B19: Exposed 300 rammed earth, 120 wood fibre, render | C19: wall | D19: ext | E19: 0.13 | F19: I | G19: rammed earth | H19: 300 | I19: wood fibre | J19: 120 | K19: render | L19: 10
A20: F1 | B20: 65 screed on 100 PIR on slab | C20: floor | D20: ground | E20: 0.17 | F20: IE | G20: screed | H20: 65 | I20: PIR | J20: 100 | K20: dense concrete | L20: 100
A21: F2 | B21: Suspended timber: 22 chipboard, 150 MW, vented void | C21: floor | D21: ext | E21: 0.17 | F21: I | G21: chipboard | H21: 22 | I21: mineral wool + studs | J21: 150
A22: F3 | B22: Exposed 150 slab (polished) on 120 PIR | C22: floor | D22: ground | E22: 0.17 | F22: I | G22: dense concrete | H22: 150 | I22: PIR | J22: 120
A23: F4 | B23: Carpet on 65 screed on 100 PIR on slab | C23: floor | D23: ground | E23: 0.17 | F23: IE | G23: carpet + underlay | H23: 12 | I23: screed | J23: 65 | K23: PIR | L23: 100 | M23: dense concrete | N23: 100
A24: I1 | B24: Timber joist: 22 chipboard, void, 12.5 board ceiling | C24: floor | D24: room | E24: 0.17 | F24: D | G24: chipboard | H24: 22 | I24: Cavity | J24: 0.18 | K24: plasterboard | L24: 12.5
A25: I2 | B25: Concrete: 50 screed, 150 plank, exposed soffit | C25: floor | D25: room | E25: 0.17 | F25: D | G25: screed | H25: 50 | I25: precast plank | J25: 150
A26: I3 | B26: Exposed 160 CLT floor, 50 screed on top | C26: floor | D26: room | E26: 0.17 | F26: D | G26: screed | H26: 50 | I26: CLT | J26: 160
A27: P1 | B27: Stud partition: 12.5 board each side (half) | C27: partition | D27: adiabatic | E27: 0.13 | F27: D | G27: plasterboard | H27: 12.5 | I27: Cavity | J27: 0.09
A28: P2 | B28: 100 dense block, wet plaster both sides (half) | C28: partition | D28: adiabatic | E28: 0.13 | F28: D | G28: gypsum plaster | H28: 13 | I28: dense block | J28: 50
A29: P3 | B29: 100 aircrete, wet plaster both sides (half) | C29: partition | D29: adiabatic | E29: 0.13 | F29: D | G29: gypsum plaster | H29: 13 | I29: aerated block | J29: 50
A30: P4 | B30: Party wall: plaster, 100 dense block leaf (cavity behind) | C30: partition | D30: adiabatic | E30: 0.13 | F30: D | G30: gypsum plaster | H30: 13 | I30: dense block | J30: 100
A31: P5 | B31: Party wall: board, 90 MW studs (timber frame twin stud) | C31: partition | D31: adiabatic | E31: 0.13 | F31: I | G31: plasterboard | H31: 25 | I31: mineral wool + studs | J31: 90
A32: R1 | B32: 12.5 board ceiling under 300 MW (cold loft) | C32: ceiling | D32: ext | E32: 0.1 | F32: D | G32: plasterboard | H32: 12.5 | I32: mineral wool | J32: 300
A33: R2 | B33: Exposed 200 concrete roof slab, 150 PIR | C33: ceiling | D33: ext | E33: 0.1 | F33: I | G33: dense concrete | H33: 200 | I33: PIR | J33: 150
A34: Custom | B34: Your build-up (edit this row) | C34: wall | D34: ext | E34: 0.13 | F34: IE | G34: gypsum plaster | H34: 13 | I34: dense block | J34: 100 | K34: mineral wool | L34: 150 | M34: brick | N34: 102

Sheet Materials
A1: Materials
A2: Typical design values (CIBSE Guide A, ISO 10456, manufacturers' data). Edit the blue cells to use product data.
A4: Material | B4: λ W/mK | C4: ρ kg/m³ | D4: c J/kgK | E4: α mm²/s | F4: b J/m²K s½ | G4: δ (24 h) mm | I4: Layer choices
A5: dense concrete | B5: 2 | C5: 2400 | D5: 1000 | E5: =B5/(C5*D5)*1000000 -> 0.83333333 | F5: =SQRT(B5*C5*D5) -> 2190.8902 | G5: =SQRT(B5*86400/(PI()*C5*D5))*1000 -> 151.38795 | I5: Cavity
A6: precast plank | B6: 1.6 | C6: 2200 | D6: 1000 | E6: =B6/(C6*D6)*1000000 -> 0.72727273 | F6: =SQRT(B6*C6*D6) -> 1876.1663 | G6: =SQRT(B6*86400/(PI()*C6*D6))*1000 -> 141.42643 | I6: dense concrete
A7: screed | B7: 1.15 | C7: 2000 | D7: 1000 | E7: =B7/(C7*D7)*1000000 -> 0.575 | F7: =SQRT(B7*C7*D7) -> 1516.5751 | G7: =SQRT(B7*86400/(PI()*C7*D7))*1000 -> 125.75228 | I7: precast plank
A8: brick | B8: 0.77 | C8: 1700 | D8: 800 | E8: =B8/(C8*D8)*1000000 -> 0.56617647 | F8: =SQRT(B8*C8*D8) -> 1023.3279 | G8: =SQRT(B8*86400/(PI()*C8*D8))*1000 -> 124.7837 | I8: screed
A9: dense block | B9: 1.13 | C9: 2000 | D9: 1000 | E9: =B9/(C9*D9)*1000000 -> 0.565 | F9: =SQRT(B9*C9*D9) -> 1503.3296 | G9: =SQRT(B9*86400/(PI()*C9*D9))*1000 -> 124.65398 | I9: brick
A10: medium block | B10: 0.51 | C10: 1400 | D10: 1000 | E10: =B10/(C10*D10)*1000000 -> 0.36428571 | F10: =SQRT(B10*C10*D10) -> 844.98521 | G10: =SQRT(B10*86400/(PI()*C10*D10))*1000 -> 100.09284 | I10: dense block
A11: aerated block | B11: 0.15 | C11: 600 | D11: 1000 | E11: =B11/(C11*D11)*1000000 -> 0.25 | F11: =SQRT(B11*C11*D11) -> 300 | G11: =SQRT(B11*86400/(PI()*C11*D11))*1000 -> 82.918596 | I11: medium block
A12: gypsum plaster | B12: 0.5 | C12: 1300 | D12: 1000 | E12: =B12/(C12*D12)*1000000 -> 0.38461538 | F12: =SQRT(B12*C12*D12) -> 806.22577 | G12: =SQRT(B12*86400/(PI()*C12*D12))*1000 -> 102.84786 | I12: aerated block
A13: lime plaster | B13: 0.7 | C13: 1600 | D13: 1000 | E13: =B13/(C13*D13)*1000000 -> 0.4375 | F13: =SQRT(B13*C13*D13) -> 1058.3005 | G13: =SQRT(B13*86400/(PI()*C13*D13))*1000 -> 109.69099 | I13: gypsum plaster
A14: render | B14: 0.8 | C14: 1800 | D14: 1000 | E14: =B14/(C14*D14)*1000000 -> 0.44444444 | F14: =SQRT(B14*C14*D14) -> 1200 | G14: =SQRT(B14*86400/(PI()*C14*D14))*1000 -> 110.55813 | I14: lime plaster
A15: plasterboard | B15: 0.21 | C15: 700 | D15: 1000 | E15: =B15/(C15*D15)*1000000 -> 0.3 | F15: =SQRT(B15*C15*D15) -> 383.40579 | G15: =SQRT(B15*86400/(PI()*C15*D15))*1000 -> 90.832771 | I15: render
A16: CLT | B16: 0.13 | C16: 470 | D16: 1600 | E16: =B16/(C16*D16)*1000000 -> 0.17287234 | F16: =SQRT(B16*C16*D16) -> 312.66596 | G16: =SQRT(B16*86400/(PI()*C16*D16))*1000 -> 68.951654 | I16: plasterboard
... A28: clay soil | B28: 1.5 | C28: 1500 | D28: 2000 | E28: =B28/(C28*D28)*1000000 -> 0.5 | F28: =SQRT(B28*C28*D28) -> 2121.3203 | G28: =SQRT(B28*86400/(PI()*C28*D28))*1000 -> 117.2646 | I28: carpet + underlay
I29: clay soil
A30: α = λ/ρc (diffusivity); b = √(λρc) (effusivity); δ = √(λT/πρc), the periodic penetration depth for a 24 h cycle.

Sheet Classes
A1: Five-node mass classes (ISO 52016-1 / HEM)
A2: Share of the element's total areal heat capacity placed on each node. Node 1 is the outer node, node 5 the room-side surface node.
A4: Class | B4: Node 1 (outer) | C4: Node 2 | D4: Node 3 | E4: Node 4 | F4: Node 5 (room)
A5: I | B5: 0 | C5: 0 | D5: 0 | E5: 0 | F5: 1
A6: E | B6: 1 | C6: 0 | D6: 0 | E6: 0 | F6: 0
A7: IE | B7: 0.5 | C7: 0 | D7: 0 | E7: 0 | F7: 0.5
A8: D | B8: 0.125 | C8: 0.25 | D8: 0.25 | E8: 0.25 | F8: 0.125
A9: M | B9: 0 | C9: 0 | D9: 1 | E9: 0 | F9: 0
A11: I internal, E external, IE internal and external, D distributed, M middle. Conductances between nodes are 6/Rc, 3/Rc, 3/Rc, 6/Rc.
